{
   "AWSTemplateFormatVersion":"2010-09-09",
   "Description":"This Template will create a basic VPC, 3 tier subnet model and other networking resources needed for the VPC.",
   "Metadata":{
      "AWS::CloudFormation::Interface":{
         "ParameterGroups":[
            {
               "Label":{
                  "default":"Base Configuration"
               },
               "Parameters":[
                  "CIDR",
                  "PrimaryAZ",
                  "SecondaryAZ"
               ]
            },
            {
               "Label":{
                  "default":"DHCP options"
               },
               "Parameters":[
                  "UseCustomDHCPOptions",
                  "DomainName",
                  "DomainNameServers"
               ]
            },
            {
               "Label":{
                  "default":"Red Network Configuration"
               },
               "Parameters":[
                  "RedCidrBlock1",
                  "RedCidrBlock2"
               ]
            },
            {
               "Label":{
                  "default":"Yellow Network Configuration"
               },
               "Parameters":[
                  "YellowCidrBlock1",
                  "YellowCidrBlock2"
               ]
            },
            {
               "Label":{
                  "default":"Green Network Configuration"
               },
               "Parameters":[
                  "GreenCidrBlock1",
                  "GreenCidrBlock2"
               ]
            }
         ]
      }
   },
   "Parameters":{
      "EnvironmentTag":{
         "Description":"Environment",
         "Type":"String",
         "AllowedValues":[
            "Sandbox",
            "DEV/INT",
            "QA",
            "UAT",
            "PROD"
         ]
      },
      "CIDR":{
         "Description":"The VPC CIDR Block IP range",
         "Type":"String"
      },
      "UseCustomDHCPOptions":{
         "Type":"String",
         "AllowedValues":[
            "Yes",
            "No"
         ]
      },
      "DomainName":{
         "Description":"DNS search suffix",
         "Type":"String"
      },
      "DomainNameServers":{
         "Description":"DNS servers (enter up to 4 IP addresses separated by commas)",
         "Type":"CommaDelimitedList"
      },
      "PrimaryAZ":{
         "Description":"Primary Availability Zone",
         "Type":"AWS::EC2::AvailabilityZone::Name"
      },
      "SecondaryAZ":{
         "Description":"Secondary Availability Zone",
         "Type":"AWS::EC2::AvailabilityZone::Name"
      },
      "RedCidrBlock1":{
         "Description":"The IP address range for Red Subnet 1",
         "Type":"String"
      },
      "RedCidrBlock2":{
         "Description":"The IP address range for Red Subnet 2",
         "Type":"String"
      },
      "YellowCidrBlock1":{
         "Description":"The IP address range for Yellow Subnet 1",
         "Type":"String"
      },
      "YellowCidrBlock2":{
         "Description":"The IP address range for Yellow Subnet 2",
         "Type":"String"
      },
      "GreenCidrBlock1":{
         "Description":"The IP address range for Green Subnet 1",
         "Type":"String"
      },
       "GreenCidrBlock2":{
           "Description":"The IP address range for Green Subnet 2",
           "Type":"String"
       },
       "YRTID":{
	   "Description":"The actual ID of one Yellow subnet",
	   "Type":"String",
	   "Default":"rtb-f1e45097"
       },
       "NatId":{
	   "Description":"The Nat GW ID",
	   "Type":"String",
	   "Default":"i-0c8feaadbc770be5e"
       }
   },
   "Conditions":{
      "NotSandboxCondition":{
         "Fn::Not":[
            {
               "Fn::Equals":[
                  {
                     "Ref":"EnvironmentTag"
                  },
                  "Sandbox"
               ]
            }
         ]
      },
      "UseDHCPOptionsCondition":{
         "Fn::Equals":[
            {
               "Ref":"UseCustomDHCPOptions"
            },
            "Yes"
         ]
      }
   },
   "Resources":{
      "VPC":{
         "Type":"AWS::EC2::VPC",
         "Properties":{
            "CidrBlock":{
               "Ref":"CIDR"
            },
            "EnableDnsSupport":"true",
            "EnableDnsHostnames":"true",
            "InstanceTenancy":"default",
            "Tags":[
               {
                  "Key":"Name",
                  "Value":{
                     "Ref":"AWS::StackName"
                  }
               },
               {
                  "Key":"Environment",
                  "Value":{
                     "Ref":"EnvironmentTag"
                  }
               }
            ]
         }
      },
      "DHCPOptions":{
         "Type":"AWS::EC2::DHCPOptions",
         "Condition":"UseDHCPOptionsCondition",
         "Properties":{
            "DomainName":{
               "Ref":"DomainName"
            },
            "DomainNameServers":{
               "Ref":"DomainNameServers"
            }
         }
      },
      "DHCPOptionsAssociation":{
         "Type":"AWS::EC2::VPCDHCPOptionsAssociation",
         "Condition":"UseDHCPOptionsCondition",
         "Properties":{
            "VpcId":{
               "Ref":"VPC"
            },
            "DhcpOptionsId":{
               "Ref":"DHCPOptions"
            }
         }
      },
      "RedSubnet1":{
         "Type":"AWS::EC2::Subnet",
         "Properties":{
            "VpcId":{
               "Ref":"VPC"
            },
            "CidrBlock":{
               "Ref":"RedCidrBlock1"
            },
            "MapPublicIpOnLaunch":"false",
            "AvailabilityZone":{
               "Ref":"PrimaryAZ"
            },
            "Tags":[
               {
                  "Key":"Name",
                  "Value":"RedSubnet1"
               },
               {
                  "Key":"Environment",
                  "Value":{
                     "Ref":"EnvironmentTag"
                  }
               }
            ]
         }
      },
      "RedSubnet2":{
         "Type":"AWS::EC2::Subnet",
         "Properties":{
            "VpcId":{
               "Ref":"VPC"
            },
            "CidrBlock":{
               "Ref":"RedCidrBlock2"
            },
            "MapPublicIpOnLaunch":"false",
            "AvailabilityZone":{
               "Ref":"SecondaryAZ"
            },
            "Tags":[
               {
                  "Key":"Name",
                  "Value":"RedSubnet2"
               },
               {
                  "Key":"Environment",
                  "Value":{
                     "Ref":"EnvironmentTag"
                  }
               }
            ]
         }
      },
      "VPNGateway":{
         "Type":"AWS::EC2::VPNGateway",
         "Properties":{
            "Type":"ipsec.1"
         }
      },
      "AttachVpnGateway":{
         "Type":"AWS::EC2::VPCGatewayAttachment",
         "Properties":{
            "VpcId":{
               "Ref":"VPC"
            },
            "VpnGatewayId":{
               "Ref":"VPNGateway"
            }
         }
      },
      "InternetGateway":{
         "Type":"AWS::EC2::InternetGateway",
         "Condition":"NotSandboxCondition",
         "Properties":{
            "Tags":[
               {
                  "Key":"Name",
                  "Value":"IGW"
               },
               {
                  "Key":"Environment",
                  "Value":{
                     "Ref":"EnvironmentTag"
                  }
               }
            ]
         }
      },
      "AttachGateway":{
         "Type":"AWS::EC2::VPCGatewayAttachment",
         "Condition":"NotSandboxCondition",
         "Properties":{
            "VpcId":{
               "Ref":"VPC"
            },
            "InternetGatewayId":{
               "Ref":"InternetGateway"
            }
         }
      },
      "RedRouteTable":{
         "Type":"AWS::EC2::RouteTable",
         "Properties":{
            "VpcId":{
               "Ref":"VPC"
            },
            "Tags":[
               {
                  "Key":"Name",
                  "Value":"RT-RedTier"
               },
               {
                  "Key":"Environment",
                  "Value":{
                     "Ref":"EnvironmentTag"
                  }
               },
               {
                  "Key":"Network",
                  "Value":"Public"
               }
            ]
         }
      },
      "RedRoute":{
         "Type":"AWS::EC2::Route",
         "Condition":"NotSandboxCondition",
         "DependsOn":"AttachGateway",
         "Properties":{
            "RouteTableId":{
               "Ref":"RedRouteTable"
            },
            "DestinationCidrBlock":"0.0.0.0/0",
            "GatewayId":{
               "Ref":"InternetGateway"
            }
         }
      },
      "RedSubnetRouteTableAssociation1":{
         "Type":"AWS::EC2::SubnetRouteTableAssociation",
         "Properties":{
            "SubnetId":{
               "Ref":"RedSubnet1"
            },
            "RouteTableId":{
               "Ref":"RedRouteTable"
            }
         }
      },
      "RedSubnetRouteTableAssociation2":{
         "Type":"AWS::EC2::SubnetRouteTableAssociation",
         "Properties":{
            "SubnetId":{
               "Ref":"RedSubnet2"
            },
            "RouteTableId":{
               "Ref":"RedRouteTable"
            }
         }
      },
      "RedNetworkAcl":{
         "Type":"AWS::EC2::NetworkAcl",
         "Properties":{
            "VpcId":{
               "Ref":"VPC"
            },
            "Tags":[
               {
                  "Key":"Name",
                  "Value":"NACLRedTier"
               },
               {
                  "Key":"Environment",
                  "Value":{
                     "Ref":"EnvironmentTag"
                  }
               },
               {
                  "Key":"Network",
                  "Value":"Public"
               }
            ]
         }
      },
      "RedSubnetNetworkAclAssociation1":{
         "Type":"AWS::EC2::SubnetNetworkAclAssociation",
         "Properties":{
            "SubnetId":{
               "Ref":"RedSubnet1"
            },
            "NetworkAclId":{
               "Ref":"RedNetworkAcl"
            }
         }
      },
      "RedSubnetNetworkAclAssociation2":{
         "Type":"AWS::EC2::SubnetNetworkAclAssociation",
         "Properties":{
            "SubnetId":{
               "Ref":"RedSubnet2"
            },
            "NetworkAclId":{
               "Ref":"RedNetworkAcl"
            }
         }
      },
      "RedRouteVPGProp":{
         "Type":"AWS::EC2::VPNGatewayRoutePropagation",
         "DependsOn":"AttachVpnGateway",
         "Properties":{
            "RouteTableIds":[
               {
                  "Ref":"RedRouteTable"
               }
            ],
            "VpnGatewayId":{
               "Ref":"VPNGateway"
            }
         }
      },
      "YellowSubnet1":{
         "Type":"AWS::EC2::Subnet",
         "Properties":{
            "VpcId":{
               "Ref":"VPC"
            },
            "CidrBlock":{
               "Ref":"YellowCidrBlock1"
            },
            "AvailabilityZone":{
               "Ref":"PrimaryAZ"
            },
            "Tags":[
               {
                  "Key":"Name",
                  "Value":"YellowSubnet1"
               },
               {
                  "Key":"Environment",
                  "Value":{
                     "Ref":"EnvironmentTag"
                  }
               }
            ]
         }
      },
      "YellowSubnet2":{
         "Type":"AWS::EC2::Subnet",
         "Properties":{
            "VpcId":{
               "Ref":"VPC"
            },
            "CidrBlock":{
               "Ref":"YellowCidrBlock2"
            },
            "AvailabilityZone":{
               "Ref":"SecondaryAZ"
            },
            "Tags":[
               {
                  "Key":"Name",
                  "Value":"YellowSubnet2"
               },
               {
                  "Key":"Environment",
                  "Value":{
                     "Ref":"EnvironmentTag"
                  }
               }
            ]
         }
      },
      "YellowRouteTable":{
         "Type":"AWS::EC2::RouteTable",
         "Properties":{
            "VpcId":{
               "Ref":"VPC"
            },
            "Tags":[
               {
                  "Key":"Name",
                  "Value":"RT-YellowTier"
               },
               {
                  "Key":"Environment",
                  "Value":{
                     "Ref":"EnvironmentTag"
                  }
               },
               {
                  "Key":"Network",
                  "Value":"Private"
               }
            ]
         }
      },
      "YellowRoute1":{
         "Type":"AWS::EC2::Route",
         "Condition":"NotSandboxCondition",
         "DependsOn":"AttachGateway",
         "Properties":{
            "RouteTableId":{
               "Ref":"YRTID"
            },
            "DestinationCidrBlock":"10.38.5.194/32",
            "GatewayId":{
               "Ref":"NatID"
            }
         }
      },
      "YellowSubnetRouteTableAssociation1":{
         "Type":"AWS::EC2::SubnetRouteTableAssociation",
         "Properties":{
            "SubnetId":{
               "Ref":"YellowSubnet1"
            },
            "RouteTableId":{
               "Ref":"YellowRouteTable"
            }
         }
      },
      "YellowSubnetRouteTableAssociation2":{
         "Type":"AWS::EC2::SubnetRouteTableAssociation",
         "Properties":{
            "SubnetId":{
               "Ref":"YellowSubnet2"
            },
            "RouteTableId":{
               "Ref":"YellowRouteTable"
            }
         }
      },
      "YellowNetworkAcl":{
         "Type":"AWS::EC2::NetworkAcl",
         "Properties":{
            "VpcId":{
               "Ref":"VPC"
            },
            "Tags":[
               {
                  "Key":"Name",
                  "Value":"NACLYellowTier"
               },
               {
                  "Key":"Environment",
                  "Value":{
                     "Ref":"EnvironmentTag"
                  }
               },
               {
                  "Key":"Network",
                  "Value":"Private"
               }
            ]
         }
      },
      "YellowSubnetNetworkAclAssociation1":{
         "Type":"AWS::EC2::SubnetNetworkAclAssociation",
         "Properties":{
            "SubnetId":{
               "Ref":"YellowSubnet1"
            },
            "NetworkAclId":{
               "Ref":"YellowNetworkAcl"
            }
         }
      },
      "YellowSubnetNetworkAclAssociation2":{
         "Type":"AWS::EC2::SubnetNetworkAclAssociation",
         "Properties":{
            "SubnetId":{
               "Ref":"YellowSubnet2"
            },
            "NetworkAclId":{
               "Ref":"YellowNetworkAcl"
            }
         }
      },
      "YellowRouteVPGProp":{
         "Type":"AWS::EC2::VPNGatewayRoutePropagation",
         "DependsOn":"AttachVpnGateway",
         "Properties":{
            "RouteTableIds":[
               {
                  "Ref":"YellowRouteTable"
               }
            ],
            "VpnGatewayId":{
               "Ref":"VPNGateway"
            }
         }
      },
      "GreenSubnet1":{
         "Type":"AWS::EC2::Subnet",
         "Properties":{
            "VpcId":{
               "Ref":"VPC"
            },
            "CidrBlock":{
               "Ref":"GreenCidrBlock1"
            },
            "AvailabilityZone":{
               "Ref":"PrimaryAZ"
            },
            "Tags":[
               {
                  "Key":"Name",
                  "Value":"GreenSubnet1"
               },
               {
                  "Key":"Environment",
                  "Value":{
                     "Ref":"EnvironmentTag"
                  }
               }
            ]
         }
      },
      "GreenSubnet2":{
         "Type":"AWS::EC2::Subnet",
         "Properties":{
            "VpcId":{
               "Ref":"VPC"
            },
            "CidrBlock":{
               "Ref":"GreenCidrBlock2"
            },
            "AvailabilityZone":{
               "Ref":"SecondaryAZ"
            },
            "Tags":[
               {
                  "Key":"Name",
                  "Value":"GreenSubnet2"
               },
               {
                  "Key":"Environment",
                  "Value":{
                     "Ref":"EnvironmentTag"
                  }
               }
            ]
         }
      },
      "GreenRouteTable":{
         "Type":"AWS::EC2::RouteTable",
         "Properties":{
            "VpcId":{
               "Ref":"VPC"
            },
            "Tags":[
               {
                  "Key":"Name",
                  "Value":"RT-GreenTier"
               },
               {
                  "Key":"Environment",
                  "Value":{
                     "Ref":"EnvironmentTag"
                  }
               },
               {
                  "Key":"Network",
                  "Value":"Private"
               }
            ]
         }
      },
      "GreenSubnetRouteTableAssociation1":{
         "Type":"AWS::EC2::SubnetRouteTableAssociation",
         "Properties":{
            "SubnetId":{
               "Ref":"GreenSubnet1"
            },
            "RouteTableId":{
               "Ref":"GreenRouteTable"
            }
         }
      },
      "GreenSubnetRouteTableAssociation2":{
         "Type":"AWS::EC2::SubnetRouteTableAssociation",
         "Properties":{
            "SubnetId":{
               "Ref":"GreenSubnet2"
            },
            "RouteTableId":{
               "Ref":"GreenRouteTable"
            }
         }
      },
      "GreenNetworkAcl":{
         "Type":"AWS::EC2::NetworkAcl",
         "Properties":{
            "VpcId":{
               "Ref":"VPC"
            },
            "Tags":[
               {
                  "Key":"Name",
                  "Value":"NACLGreenTier"
               },
               {
                  "Key":"Environment",
                  "Value":{
                     "Ref":"EnvironmentTag"
                  }
               },
               {
                  "Key":"Network",
                  "Value":"Private"
               }
            ]
         }
      },
      "GreenSubnetNetworkAclAssociation1":{
         "Type":"AWS::EC2::SubnetNetworkAclAssociation",
         "Properties":{
            "SubnetId":{
               "Ref":"GreenSubnet1"
            },
            "NetworkAclId":{
               "Ref":"GreenNetworkAcl"
            }
         }
      },
      "GreenSubnetNetworkAclAssociation2":{
         "Type":"AWS::EC2::SubnetNetworkAclAssociation",
         "Properties":{
            "SubnetId":{
               "Ref":"GreenSubnet2"
            },
            "NetworkAclId":{
               "Ref":"GreenNetworkAcl"
            }
         }
      },
      "GreenRouteVPGProp":{
         "Type":"AWS::EC2::VPNGatewayRoutePropagation",
         "DependsOn":"AttachVpnGateway",
         "Properties":{
            "RouteTableIds":[
               {
                  "Ref":"GreenRouteTable"
               }
            ],
            "VpnGatewayId":{
               "Ref":"VPNGateway"
            }
         }
      },
      "NetworkAclEntry1":{
         "Type":"AWS::EC2::NetworkAclEntry",
         "Properties":{
            "CidrBlock":"0.0.0.0/0",
            "Egress":"true",
            "Protocol":"-1",
            "RuleAction":"allow",
            "RuleNumber":"100",
            "NetworkAclId":{
               "Ref":"RedNetworkAcl"
            }
         }
      },
      "NetworkAclEntry2":{
         "Type":"AWS::EC2::NetworkAclEntry",
         "Properties":{
            "CidrBlock":"0.0.0.0/0",
            "Protocol":"-1",
            "RuleAction":"allow",
            "RuleNumber":"100",
            "NetworkAclId":{
               "Ref":"RedNetworkAcl"
            }
         }
      },
      "NetworkAclEntry3":{
         "Type":"AWS::EC2::NetworkAclEntry",
         "Properties":{
            "CidrBlock":"0.0.0.0/0",
            "Egress":"true",
            "Protocol":"-1",
            "RuleAction":"allow",
            "RuleNumber":"100",
            "NetworkAclId":{
               "Ref":"YellowNetworkAcl"
            }
         }
      },
      "NetworkAclEntry4":{
         "Type":"AWS::EC2::NetworkAclEntry",
         "Properties":{
            "CidrBlock":"0.0.0.0/0",
            "Protocol":"-1",
            "RuleAction":"allow",
            "RuleNumber":"100",
            "NetworkAclId":{
               "Ref":"YellowNetworkAcl"
            }
         }
      },
      "NetworkAclEntry5":{
         "Type":"AWS::EC2::NetworkAclEntry",
         "Properties":{
            "CidrBlock":"0.0.0.0/0",
            "Egress":"true",
            "Protocol":"-1",
            "RuleAction":"allow",
            "RuleNumber":"100",
            "NetworkAclId":{
               "Ref":"GreenNetworkAcl"
            }
         }
      },
      "NetworkAclEntry6":{
         "Type":"AWS::EC2::NetworkAclEntry",
         "Properties":{
            "CidrBlock":"0.0.0.0/0",
            "Protocol":"-1",
            "RuleAction":"allow",
            "RuleNumber":"100",
            "NetworkAclId":{
               "Ref":"GreenNetworkAcl"
            }
         }
      }
   },
   "Outputs":{
      "VPCId":{
         "Description":"VPC Created",
         "Value":{
            "Ref":"VPC"
         }
      }
   }
}
