{
  "Version": "2008-10-17",
  "Id": "Policy1335892530063",
  "Statement": [
    {
      "Sid": "Stmt1335892150622",
      "Effect": "Allow",
      "Principal": {
        "AWS": "arn:aws:iam::827487043904:root"
      },
      "Action": [
        "s3:GetBucketAcl",
        "s3:GetBucketPolicy"
      ],
      "Resource": "arn:aws:s3:::wumasterbilling/*"
    },
    {
      "Sid": "Stmt1335892526596",
      "Effect": "Allow",
      "Principal": {
        "AWS": "arn:aws:iam::827487043904:root"
      },
      "Action": [
        "s3:PutObject"
      ],
      "Resource": "arn:aws:s3:::wumasterbilling/*"
    }
  ]
}

arn:aws:sts::827487043904:assumed-role/WU_MASTERBILLING_BillingReporter

{
   "Version": "2012-10-17",
   "Statement": [
      {
         "Sid": "Billing permissions",
         "Effect": "Allow",
         "Principal": {
            "AWS": "arn:aws:iam::827487043904:root"
         },
         "Action": [
             "s3:GetBucketLocation",
             "s3:ListBucket",
             "s3:GetBucketAcl",
             "s3:GetBucketPolicy"
         ],
         "Resource": [
            "arn:aws:s3:::wumasterbilling"
         ]
      }
   ]
}

{
  "Id": "Policy1487617991158",
  "Version": "2012-10-17",
  "Statement": [
    {
      "Sid": "Stmt1487617925124",
      "Action": "s3:*",
      "Effect": "Allow",
      "Resource": "arn:aws:s3:::wumasterbilling",
      "Principal": {
        "AWS": [
          "arn:aws:iam::827487043904:root"
        ]
      }
    }
  ]
}
