{
    "DhcpOptions": [
        {
            "DhcpConfigurations": [
                {
                    "Values": [
                        {
                            "Value": "172.31.2.20"
                        }, 
                        {
                            "Value": "172.31.162.21"
                        }
                    ], 
                    "Key": "domain-name-servers"
                }
            ], 
            "DhcpOptionsId": "dopt-7ae0a51c"
        }, 
        {
            "DhcpConfigurations": [
                {
                    "Values": [
                        {
                            "Value": "ec2.internal"
                        }
                    ], 
                    "Key": "domain-name"
                }, 
                {
                    "Values": [
                        {
                            "Value": "AmazonProvidedDNS"
                        }
                    ], 
                    "Key": "domain-name-servers"
                }
            ], 
            "DhcpOptionsId": "dopt-b20642d5"
        }
    ]
}
