{
    "DhcpOptions": [
        {
            "Tags": [
                {
                    "Value": "Dev-Digital", 
                    "Key": "Name"
                }
            ], 
            "DhcpConfigurations": [
                {
                    "Values": [
                        {
                            "Value": "dev-digital.awswu.com"
                        }
                    ], 
                    "Key": "domain-name"
                }, 
                {
                    "Values": [
                        {
                            "Value": "10.38.1.218"
                        }, 
                        {
                            "Value": " 10.38.1.125"
                        }, 
                        {
                            "Value": " 10.38.0.2"
                        }
                    ], 
                    "Key": "domain-name-servers"
                }
            ], 
            "DhcpOptionsId": "dopt-73051214"
        }, 
        {
            "DhcpConfigurations": [
                {
                    "Values": [
                        {
                            "Value": "ec2.internal"
                        }
                    ], 
                    "Key": "domain-name"
                }, 
                {
                    "Values": [
                        {
                            "Value": "AmazonProvidedDNS"
                        }
                    ], 
                    "Key": "domain-name-servers"
                }
            ], 
            "DhcpOptionsId": "dopt-a88cf4cc"
        }
    ]
}
