{
	"AWSTemplateFormatVersion": "2010-09-09",
	"Parameters": 
	{
		"Environment": 
		{
			"Description": "Select the environment you want to create",
			"Type": "String",
			"AllowedValues": 
			[
				"DEV",
				"INT",
				"STAGE",
				"UAT",
				"PROD"
			],

			"ConstraintDescription": "must be a select an environment"
		}
	},

	"Mappings": 
	{
		"AppProp": 
		{
			"AvailabilityZone": 
			{
				"AZ1": "us-east-1a",
				"AZ2": "us-east-1c"
			},

			"KeyName": 
			{
				"Key": "wudigital-aws-devops"
			}
		}
	},

	"Resources": 
	{
		"riskConfigService": 
		{
			"Type": "AWS::ElasticBeanstalk::Application",
			"Properties": 
			{
				"ApplicationName": "Risk Config Service",
				"Description": "Risk Config Service"
			}
		},

		"riskConfigServiceConfigurationTemplate": 
		{
			"Type": "AWS::ElasticBeanstalk::ConfigurationTemplate",
			"Properties": 
			{
				"ApplicationName": 
				{
					"Ref": "riskConfigService"
				},

				"Description": "Risk Config Service Configuration Template",
				"OptionSettings": 
				[
					{
						"Namespace": "aws:autoscaling:asg",
						"OptionName": "MinSize",
						"Value": "2"
					},

					{
						"Namespace": "aws:autoscaling:asg",
						"OptionName": "MaxSize",
						"Value": "4"
					},

					{
						"Namespace": "aws:elasticbeanstalk:environment",
						"OptionName": "EnvironmentType",
						"Value": "LoadBalanced"
					}
				],

				"SolutionStackName": "64bit Amazon Linux 2017.03 v2.7.4 running Multi-container Docker 17.03.1-ce (Generic)"
			}
		},

		"devEnvironment": 
		{
			"Type": "AWS::ElasticBeanstalk::Environment",
			"Properties": 
			{
				"ApplicationName": 
				{
					"Ref": "riskConfigService"
				},

				"CNAMEPrefix": "risk-config-service-dev",
				"Description": "AWS ElasticBeanstalk Risk Config Service Environment",
				"EnvironmentName": "DEV",
				"SolutionStackName": "64bit Amazon Linux 2017.03 v2.7.4 running Multi-container Docker 17.03.1-ce (Generic)",
				"Tags": 
				[
					{
						"Key": "TeamName",
						"Value": "WU-Digital"
					},

					{
						"Key": "ApplicationName",
						"Value": "RiskECSCluster"
					},

					{
						"Key": "ResourceName",
						"Value": "wu-digital-risk-ecs-cluster"
					},

					{
						"Key": "ProductTower",
						"Value": "WU Digital"
					},

					{
						"Key": "ApplicationOwner",
						"Value": "Krzysztof Karski"
					},

					{
						"Key": "Environment",
						"Value": "Non-Prod"
					},

					{
						"Key": "ClarityId",
						"Value": "None"
					},

					{
						"Key": "Ticket",
						"Value": "[JIRA]"
					},

					{
						"Key": "SupportContact",
						"Value": "Digital-AWS-DevOps@westernunion.com"
					},

					{
						"Key": "SecurityPosture",
						"Value": "None"
					},

					{
						"Key": "DescriptionCentral",
						"Value": "Non Prod Risk ECS Cluster"
					},

					{
						"Key": "Domain",
						"Value": "AWS-Digital-Devint"
					},

					{
						"Key": "SerialNumber",
						"Value": "None"
					},

					{
						"Key": "InstanceType",
						"Value": "None"
					},

					{
						"Key": "Location",
						"Value": "us-east-1"
					},

					{
						"Key": "OSName",
						"Value": "None"
					},

					{
						"Key": "Memory",
						"Value": "None"
					},

					{
						"Key": "IPAddress",
						"Value": "None"
					},

					{
						"Key": "AMI",
						"Value": "None"
					},

					{
						"Key": "Keypair",
						"Value": "None"
					},

					{
						"Key": "SecurityGroup",
						"Value": "None"
					}
				],

				"Tier": 
				{
					"Name": "WebServer",
					"Type": "Standard"
				},

				"VersionLabel": "Initial Version"
			}
		},

		"qaEnvironment": 
		{
			"Type": "AWS::ElasticBeanstalk::Environment",
			"Properties": 
			{
				"ApplicationName": 
				{
					"Ref": "riskConfigService"
				},

				"CNAMEPrefix": "risk-config-service-qa",
				"Description": "AWS ElasticBeanstalk Risk Config Service Environment",
				"EnvironmentName": "QA",
				"SolutionStackName": "64bit Amazon Linux 2017.03 v2.7.4 running Multi-container Docker 17.03.1-ce (Generic)",
				"Tags": 
				[
					{
						"Key": "TeamName",
						"Value": "WU-Digital"
					},

					{
						"Key": "ApplicationName",
						"Value": "RiskECSCluster"
					},

					{
						"Key": "ResourceName",
						"Value": "wu-digital-risk-ecs-cluster"
					},

					{
						"Key": "ProductTower",
						"Value": "WU Digital"
					},

					{
						"Key": "ApplicationOwner",
						"Value": "Krzysztof Karski"
					},

					{
						"Key": "Environment",
						"Value": "Non-Prod"
					},

					{
						"Key": "ClarityId",
						"Value": "None"
					},

					{
						"Key": "Ticket",
						"Value": "[JIRA]"
					},

					{
						"Key": "SupportContact",
						"Value": "Digital-AWS-DevOps@westernunion.com"
					},

					{
						"Key": "SecurityPosture",
						"Value": "None"
					},

					{
						"Key": "DescriptionCentral",
						"Value": "Non Prod Risk ECS Cluster"
					},

					{
						"Key": "Domain",
						"Value": "AWS-Digital-Devint"
					},

					{
						"Key": "SerialNumber",
						"Value": "None"
					},

					{
						"Key": "InstanceType",
						"Value": "None"
					},

					{
						"Key": "Location",
						"Value": "us-east-1"
					},

					{
						"Key": "OSName",
						"Value": "None"
					},

					{
						"Key": "Memory",
						"Value": "None"
					},

					{
						"Key": "IPAddress",
						"Value": "None"
					},

					{
						"Key": "AMI",
						"Value": "None"
					},

					{
						"Key": "Keypair",
						"Value": "None"
					},

					{
						"Key": "SecurityGroup",
						"Value": "None"
					}
				],

				"Tier": 
				{
					"Name": "WebServer",
					"Type": "Standard"
				},

				"VersionLabel": "Initial Version"
			}
		},

		"riskConfigServiceRepo": 
		{
			"Type": "AWS::ECR::Repository",
			"Properties": 
			{
				"RepositoryName": "wudigital/risk-config-service",
				"RepositoryPolicyText": 
				{
					"Version": "2008-10-17",
					"Statement": 
					[
						{
							"Sid": "new statement",
							"Effect": "Allow",
							"Principal": "*",
							"Action": 
							[
								"ecr:GetDownloadUrlForLayer",
								"ecr:BatchGetImage",
								"ecr:BatchCheckLayerAvailability",
								"ecr:PutImage",
								"ecr:InitiateLayerUpload",
								"ecr:UploadLayerPart",
								"ecr:CompleteLayerUpload",
								"ecr:DescribeRepositories",
								"ecr:GetRepositoryPolicy",
								"ecr:ListImages",
								"ecr:DescribeImages",
								"ecr:DeleteRepository",
								"ecr:BatchDeleteImage",
								"ecr:SetRepositoryPolicy",
								"ecr:DeleteRepositoryPolicy"
							]
						}
					]
				}
			}
		}
	}
}
