{
    "Version": "2012-10-17",
    "Statement": [
        {
            "Action": [
                "iam:AddRoleToInstanceProfile",
                "iam:AttachRolePolicy",
                "iam:AttachGroupPolicy",
                "iam:ChangePassword",
                "iam:CreateInstanceProfile",
                "iam:CreatePolicy",
                "iam:CreatePolicyVersion",
                "iam:CreateRole",			
                "iam:DeleteInstanceProfile",
                "iam:DeleteRole",
                "iam:DeleteRolePolicy",
                "iam:DetachRolePolicy",
                "iam:DeleteServerCertificate",
                "iam:DeleteSigningCertificate",
                "iam:GetAccountPasswordPolicy",
                "iam:GetAccessKeyLastUsed",
                "iam:GetAccountAuthorizationDetails",
                "iam:GetAccountSummary",
                "iam:GetContextKeysForCustomPolicy",
                "iam:GetContextKeysForPrincipalPolicy",
                "iam:GetCredentialReport",
                "iam:GetGroup",
                "iam:GetGroupPolicy",
                "iam:GetInstanceProfile",
                "iam:GetLoginProfile",
                "iam:GetOpenIDConnectProvider",
                "iam:GetPolicy",
                "iam:GetPolicyVersion",
                "iam:GetRole",
                "iam:GetRolePolicy",
                "iam:GetSAMLProvider",
                "iam:GetSSHPublicKey",
                "iam:GetServerCertificate",
                "iam:GetServiceLastAccessedDetails",
                "iam:GetServiceLastAccessedDetailsWithEntities",
                "iam:GetUser",
                "iam:GetUserPolicy",
                "iam:ListAccessKeys",
                "iam:ListAccountAliases",
                "iam:ListAttachedGroupPolicies",
                "iam:ListAttachedRolePolicies",
                "iam:ListAttachedUserPolicies",
                "iam:ListEntitiesForPolicy",
                "iam:ListGroupPolicies",
                "iam:ListGroups",
                "iam:ListGroupsForUser",
                "iam:ListInstanceProfiles",
                "iam:ListInstanceProfilesForRole",
                "iam:ListMFADevices",
                "iam:ListOpenIDConnectProviders",
                "iam:ListPolicies",
                "iam:ListPoliciesGrantingServiceAccess",
                "iam:ListPolicyVersions",
                "iam:ListRolePolicies",
                "iam:ListRoles",
                "iam:ListSAMLProviders",
                "iam:ListSSHPublicKeys",
                "iam:ListServerCertificates",
                "iam:ListSigningCertificates",
                "iam:ListUserPolicies",
                "iam:ListUsers",
                "iam:ListVirtualMFADevices",
                "iam:PutRolePolicy",
                "iam:RemoveRoleFromInstanceProfile",
                "iam:SimulateCustomPolicy",
                "iam:SimulatePrincipalPolicy",
                "iam:UpdateAssumeRolePolicy",
                "iam:UpdateSigningCertificate",
                "iam:UploadSigningCertificate"		
            ],
            "Resource": "*",
            "Effect": "Allow"
        },
        {
            "Action": [
                "iam:AddUserToGroup",
                "iam:AddClientIDToOpenIDConnectProvider",
                "iam:AttachUserPolicy",
                "iam:CreateAccessKey",
                "iam:CreateAccountAlias",
                "iam:CreateGroup",
                "iam:CreateLoginProfile",
                "iam:CreateOpenIDConnectProvider",
                "iam:CreateSAMLProvider",
                "iam:CreateUser",
                "iam:CreateVirtualMFADevice",
                "iam:DeactivateMFADevice",
                "iam:DeleteAccessKey",
                "iam:DeleteAccountAlias",
                "iam:DeleteAccountPasswordPolicy",
                "iam:DeleteGroup",
                "iam:DeleteGroupPolicy",
                "iam:DeleteLoginProfile",
                "iam:DeleteOpenIDConnectProvider",
                "iam:DeletePolicy",
                "iam:DeletePolicyVersion",
                "iam:DeleteSAMLProvider",
                "iam:DeleteSSHPublicKey",
                "iam:DeleteUser",
                "iam:DeleteUserPolicy",
                "iam:DeleteVirtualMFADevice",
                "iam:DetachGroupPolicy",
                "iam:DetachUserPolicy",
                "iam:EnableMFADevice",
                "iam:GenerateCredentialReport",
                "iam:GenerateServiceLastAccessedDetails",
                "iam:PassRole",
                "iam:PutGroupPolicy",
                "iam:PutUserPolicy",
                "iam:RemoveClientIDFromOpenIDConnectProvider",
                "iam:RemoveUserFromGroup",
                "iam:ResyncMFADevice",
                "iam:SetDefaultPolicyVersion",
                "iam:UpdateAccessKey",
                "iam:UpdateAccountPasswordPolicy",
                "iam:UpdateGroup",
                "iam:UpdateLoginProfile",
                "iam:UpdateOpenIDConnectProviderThumbprint",
                "iam:UpdateSAMLProvider",
                "iam:UpdateSSHPublicKey",
                "iam:UpdateServerCertificate",
                "iam:UpdateUser",
                "iam:UploadSSHPublicKey",
                "iam:UploadServerCertificate"
            ],
            "Resource": "*",
            "Effect": "Deny"
        }
    ]
}
