{
  "Version": "2012-10-17",
  "Statement": [
    {
      "Effect": "Allow",
      "Action": [
        "cloudtrail:DescribeTrails",
        "ec2:Describe*",
        "config:Put*",
        "config:Get*",
        "config:List*",
        "config:Describe*",
        "cloudtrail:GetTrailStatus",
        "s3:GetObject",
        "iam:GetAccountAuthorizationDetails",
        "iam:GetAccountPasswordPolicy",
        "iam:GetAccountSummary",
        "iam:GetGroup",
        "iam:GetGroupPolicy",        
        "iam:GetPolicy",
        "iam:GetPolicyVersion",
        "iam:GetRole",
        "iam:GetRolePolicy",
        "iam:GetUser",
        "iam:GetUserPolicy",
        "iam:ListAttachedGroupPolicies",
        "iam:ListAttachedRolePolicies",
        "iam:ListAttachedUserPolicies",
        "iam:ListEntitiesForPolicy",
        "iam:ListGroupPolicies",
        "iam:ListGroupsForUser",        
        "iam:ListInstanceProfilesForRole",
        "iam:ListPolicyVersions",
        "iam:ListRolePolicies",
        "iam:ListUserPolicies",
        "elasticloadbalancing:DescribeLoadBalancers",
        "elasticloadbalancing:DescribeLoadBalancerAttributes",
        "elasticloadbalancing:DescribeTags",
        "acm:DescribeCertificate",
        "acm:ListCertificates",
        "acm:ListTagsForCertificate",
        "rds:DescribeDBInstances",
        "rds:DescribeDBSecurityGroups",
        "rds:DescribeDBSnapshotAttributes",
        "rds:DescribeDBSnapshots", 
        "rds:DescribeDBSubnetGroups",
        "rds:DescribeEventSubscriptions",
        "rds:ListTagsForResource",
        "rds:DescribeDBClusters",
        "s3:GetAccelerateConfiguration",
        "s3:GetBucketAcl",
        "s3:GetBucketCORS",
        "s3:GetBucketLocation",
        "s3:GetBucketLogging",
        "s3:GetBucketNotification",
        "s3:GetBucketPolicy",
        "s3:GetBucketRequestPayment",
        "s3:GetBucketTagging",
        "s3:GetBucketVersioning",
        "s3:GetBucketWebsite",
        "s3:GetLifecycleConfiguration",
        "s3:GetReplicationConfiguration",
        "s3:ListAllMyBuckets",
        "redshift:DescribeClusterParameterGroups",
        "redshift:DescribeClusterParameters",
        "redshift:DescribeClusterSecurityGroups",
        "redshift:DescribeClusterSnapshots",
        "redshift:DescribeClusterSubnetGroups",
        "redshift:DescribeClusters",
        "redshift:DescribeEventSubscriptions",
        "redshift:DescribeLoggingStatus",
        "dynamodb:DescribeLimits",
        "dynamodb:DescribeTable",
        "dynamodb:ListTables"
      ],
      "Resource": "*"
    }
  ]
}
