{
  "Version": "2012-10-17",
  "Statement": [
    {
      "Effect": "Allow",
      "Action": [
        "aws-portal:ViewBilling",
        "aws-portal:ViewUsage",
        "autoscaling:Describe*",
        "cloudformation:ListStacks",
        "cloudformation:ListStackResources",
        "cloudformation:DescribeStacks",
        "cloudformation:DescribeStackEvents",
        "cloudformation:DescribeStackResources",
        "cloudformation:GetTemplate",
        "cloudfront:Get*",
        "cloudfront:List*",
        "cloudtrail:DescribeTrails",
        "cloudwatch:Describe*",
        "cloudwatch:Get*",
        "cloudwatch:List*",
        "config:Get*",
        "config:Describe*",
        "config:Deliver*",
        "config:List*",
        "cur:Describe*",
        "dynamodb:DescribeTable",
        "dynamodb:List*",
        "ec2:Describe*",
        "elasticache:Describe*",
        "elasticache:ListTagsForResource",
        "elasticbeanstalk:Check*",
        "elasticbeanstalk:Describe*",
        "elasticbeanstalk:List*",
        "elasticbeanstalk:RequestEnvironmentInfo",
        "elasticbeanstalk:RetrieveEnvironmentInfo",
        "elasticfilesystem:Describe*",
        "elasticloadbalancing:Describe*",
        "elasticmapreduce:Describe*",
        "elasticmapreduce:List*",
        "es:List*",
        "es:Describe*",
        "iam:List*",
        "iam:Get*",
        "iam:GenerateCredentialReport",
        "lambda:List*",
        "redshift:Describe*",
        "route53:Get*",
        "route53:List*",
        "rds:Describe*",
        "rds:ListTagsForResource",
        "s3:List*",
        "s3:GetBucketTagging",
        "s3:GetBucketLocation",
        "s3:GetBucketLogging",
        "s3:GetBucketVersioning",
        "s3:GetBucketWebsite",
        "sdb:GetAttributes",
        "sdb:List*",
        "ses:Get*",
        "ses:List*",
        "sns:Get*",
        "sns:List*",
        "sqs:GetQueueAttributes",
        "sqs:ListQueues",
        "storagegateway:List*",
        "storagegateway:Describe*",
        "workspaces:Describe*"
      ],
      "Resource": "*"
    },
    {
      "Effect": "Allow",
      "Action": [
        "s3:Get*",
        "s3:List*"
      ],
      "Resource": [
        "arn:aws:s3:::wumasterpayerdbr",
        "arn:aws:s3:::wumasterpayerdbr/*"
      ]
    },
    {
      "Effect": "Allow",
      "Action": [
        "s3:Get*",
        "s3:List*"
      ],
      "Resource": [
        "arn:aws:s3:::wumasterpayerdbr",
        "arn:aws:s3:::wumasterpayerdbr/*"
      ]
    }
  ]
}
Trusted entity: 454464851268
Condition	Key	Value
StringEquals	sts:ExternalId	Cloudhealth
"Effect": "Allow",
"Principal": { "AWS": "arn:aws-cn:iam::123456789012:root" }, "Action": "sts:AssumeRole",
"Condition": { "Bool": { "aws:MultiFactorAuthPresent": "true" } }
