{
    "ConfigRules": [
        {
            "ConfigRuleState": "ACTIVE", 
            "Description": "Test for instance types", 
            "ConfigRuleName": "InstanceTypesCheck", 
            "ConfigRuleArn": "arn:aws:config:us-east-1:510680944440:config-rule/config-rule-270vls", 
            "Source": {
                "Owner": "CUSTOM_LAMBDA", 
                "SourceIdentifier": "arn:aws:lambda:us-east-1:510680944440:function:InstanceTypeCheck", 
                "SourceDetails": [
                    {
                        "EventSource": "aws.config", 
                        "MessageType": "ConfigurationItemChangeNotification"
                    }, 
                    {
                        "EventSource": "aws.config", 
                        "MessageType": "OversizedConfigurationItemChangeNotification"
                    }, 
                    {
                        "EventSource": "aws.config", 
                        "MessageType": "ScheduledNotification", 
                        "MaximumExecutionFrequency": "TwentyFour_Hours"
                    }
                ]
            }, 
            "InputParameters": "{\"desiredInstanceType\":\"t2.micro\"}", 
            "Scope": {
                "ComplianceResourceTypes": [
                    "AWS::EC2::Instance"
                ]
            }, 
            "ConfigRuleId": "config-rule-270vls"
        }, 
        {
            "ConfigRuleState": "ACTIVE", 
            "Description": "Checks whether running instances are using specified AMIs. Specify a list of approved AMI IDs. Running instances with AMIs that are not on this list are noncompliant.", 
            "ConfigRuleName": "approved-amis-by-id", 
            "ConfigRuleArn": "arn:aws:config:us-east-1:510680944440:config-rule/config-rule-tguj1t", 
            "Source": {
                "Owner": "AWS", 
                "SourceIdentifier": "APPROVED_AMIS_BY_ID"
            }, 
            "InputParameters": "{\"amiIds\":\"ami-b63769a1\"}", 
            "Scope": {
                "ComplianceResourceTypes": [
                    "AWS::EC2::Instance"
                ]
            }, 
            "ConfigRuleId": "config-rule-tguj1t"
        }, 
        {
            "ConfigRuleState": "ACTIVE", 
            "Description": "Checks whether AWS CloudTrail is enabled in your AWS account. Optionally, you can specify which S3 bucket, SNS topic, and Amazon CloudWatch Logs ARN to use.", 
            "ConfigRuleName": "cloud-trail-enabled", 
            "ConfigRuleArn": "arn:aws:config:us-east-1:510680944440:config-rule/config-rule-rotm4e", 
            "Source": {
                "Owner": "AWS", 
                "SourceIdentifier": "CLOUD_TRAIL_ENABLED"
            }, 
            "ConfigRuleId": "config-rule-rotm4e"
        }, 
        {
            "ConfigRuleState": "ACTIVE", 
            "Description": "Checks instances for specified tenancy. Specify AMI IDs to check instances that are launched from those AMIs or specify Host IDs to check whether instances are launched on those Dedicated Hosts. Separate multiple ID values with commas.", 
            "ConfigRuleName": "desired-instance-tenancy", 
            "ConfigRuleArn": "arn:aws:config:us-east-1:510680944440:config-rule/config-rule-4xlwiy", 
            "Source": {
                "Owner": "AWS", 
                "SourceIdentifier": "DESIRED_INSTANCE_TENANCY"
            }, 
            "InputParameters": "{\"tenancy\":\"DEFAULT\"}", 
            "Scope": {
                "ComplianceResourceTypes": [
                    "AWS::EC2::Instance"
                ]
            }, 
            "ConfigRuleId": "config-rule-4xlwiy"
        }, 
        {
            "ConfigRuleState": "ACTIVE", 
            "Description": "Checks whether all EIP addresses allocated to a VPC are attached to EC2 instances or in-use ENIs.", 
            "ConfigRuleName": "eip-attached", 
            "ConfigRuleArn": "arn:aws:config:us-east-1:510680944440:config-rule/config-rule-rhvrzr", 
            "Source": {
                "Owner": "AWS", 
                "SourceIdentifier": "EIP_ATTACHED"
            }, 
            "Scope": {
                "ComplianceResourceTypes": [
                    "AWS::EC2::EIP"
                ]
            }, 
            "ConfigRuleId": "config-rule-rhvrzr"
        }, 
        {
            "ConfigRuleState": "ACTIVE", 
            "Description": "Checks whether EBS volumes that are in an attached state are encrypted. Optionally, you can specify the ID of a KMS key to use to encrypt the volume.", 
            "ConfigRuleName": "encrypted-volumes", 
            "ConfigRuleArn": "arn:aws:config:us-east-1:510680944440:config-rule/config-rule-q3m4po", 
            "Source": {
                "Owner": "AWS", 
                "SourceIdentifier": "ENCRYPTED_VOLUMES"
            }, 
            "Scope": {
                "ComplianceResourceTypes": [
                    "AWS::EC2::Volume"
                ]
            }, 
            "ConfigRuleId": "config-rule-q3m4po"
        }, 
        {
            "ConfigRuleState": "ACTIVE", 
            "Description": "Checks whether your resources have the tags that you specify. For example, you can check whether your EC2 instances have the 'CostCenter' tag. Separate multiple values with commas.", 
            "ConfigRuleName": "required-tags", 
            "ConfigRuleArn": "arn:aws:config:us-east-1:510680944440:config-rule/config-rule-btnhm5", 
            "Source": {
                "Owner": "AWS", 
                "SourceIdentifier": "REQUIRED_TAGS"
            }, 
            "InputParameters": "{\"tag1Key\":\"CostCenter\",\"tag2Key\":\"Product\",\"tag3Key\":\"Division\",\"tag4Key\":\"Owner\"}", 
            "Scope": {
                "ComplianceResourceTypes": [
                    "AWS::EC2::CustomerGateway", 
                    "AWS::EC2::Instance", 
                    "AWS::EC2::InternetGateway", 
                    "AWS::EC2::NetworkAcl", 
                    "AWS::EC2::NetworkInterface", 
                    "AWS::EC2::RouteTable", 
                    "AWS::EC2::SecurityGroup", 
                    "AWS::EC2::Subnet", 
                    "AWS::EC2::Volume", 
                    "AWS::EC2::VPC", 
                    "AWS::EC2::VPNConnection", 
                    "AWS::EC2::VPNGateway", 
                    "AWS::ACM::Certificate", 
                    "AWS::RDS::DBInstance", 
                    "AWS::RDS::DBSecurityGroup", 
                    "AWS::RDS::DBSnapshot", 
                    "AWS::RDS::DBSubnetGroup", 
                    "AWS::RDS::EventSubscription"
                ]
            }, 
            "ConfigRuleId": "config-rule-btnhm5"
        }, 
        {
            "ConfigRuleState": "ACTIVE", 
            "Description": "Checks whether security groups that are in use disallow unrestricted incoming TCP traffic to the specified ports.  Block FTP, Finger, RTelnet, SFTP", 
            "ConfigRuleName": "restricted-common-ports", 
            "ConfigRuleArn": "arn:aws:config:us-east-1:510680944440:config-rule/config-rule-sihpkf", 
            "Source": {
                "Owner": "AWS", 
                "SourceIdentifier": "RESTRICTED_INCOMING_TRAFFIC"
            }, 
            "InputParameters": "{\"blockedPort1\":\"20\",\"blockedPort2\":\"21\",\"blockedPort3\":\"79\",\"blockedPort4\":\"107\",\"blockedPort5\":\"115\"}", 
            "Scope": {
                "ComplianceResourceTypes": [
                    "AWS::EC2::SecurityGroup"
                ]
            }, 
            "ConfigRuleId": "config-rule-sihpkf"
        }, 
        {
            "ConfigRuleState": "ACTIVE", 
            "Description": "Checks whether security groups that are in use disallow unrestricted incoming SSH traffic.", 
            "ConfigRuleName": "restricted-ssh", 
            "ConfigRuleArn": "arn:aws:config:us-east-1:510680944440:config-rule/config-rule-zwxqjr", 
            "Source": {
                "Owner": "AWS", 
                "SourceIdentifier": "INCOMING_SSH_DISABLED"
            }, 
            "InputParameters": "{}", 
            "Scope": {
                "ComplianceResourceTypes": [
                    "AWS::EC2::SecurityGroup"
                ]
            }, 
            "ConfigRuleId": "config-rule-zwxqjr"
        }, 
        {
            "ConfigRuleState": "ACTIVE", 
            "Description": "Checks whether the root user of your AWS account requires multi-factor authentication for console sign-in.", 
            "ConfigRuleName": "root-account-mfa-enabled", 
            "ConfigRuleArn": "arn:aws:config:us-east-1:510680944440:config-rule/config-rule-2j3hwj", 
            "Source": {
                "Owner": "AWS", 
                "SourceIdentifier": "ROOT_ACCOUNT_MFA_ENABLED"
            }, 
            "ConfigRuleId": "config-rule-2j3hwj"
        }, 
        {
            "ConfigRuleState": "ACTIVE", 
            "Description": "Checks whether logging is enabled for your S3 buckets.", 
            "ConfigRuleName": "s3-bucket-logging-enabled", 
            "ConfigRuleArn": "arn:aws:config:us-east-1:510680944440:config-rule/config-rule-hgerar", 
            "Source": {
                "Owner": "AWS", 
                "SourceIdentifier": "S3_BUCKET_LOGGING_ENABLED"
            }, 
            "InputParameters": "{}", 
            "Scope": {
                "ComplianceResourceTypes": [
                    "AWS::S3::Bucket"
                ]
            }, 
            "ConfigRuleId": "config-rule-hgerar"
        }, 
        {
            "ConfigRuleState": "ACTIVE", 
            "Description": "Checks whether versioning is enabled for your S3 buckets.", 
            "ConfigRuleName": "s3-bucket-versioning-enabled", 
            "ConfigRuleArn": "arn:aws:config:us-east-1:510680944440:config-rule/config-rule-a9irwl", 
            "Source": {
                "Owner": "AWS", 
                "SourceIdentifier": "S3_BUCKET_VERSIONING_ENABLED"
            }, 
            "InputParameters": "{}", 
            "Scope": {
                "ComplianceResourceTypes": [
                    "AWS::S3::Bucket"
                ]
            }, 
            "ConfigRuleId": "config-rule-a9irwl"
        }
    ]
}
