{
    "Version": "2012-10-17",
    "Statement": [
        {
            "Effect": "Allow",
            "Action": [
                "s3:PutObject*"
            ],
            "Resource": [
                "arn:aws:s3:::config-bucket-510680944440/AWSLogs/510680944440/*"
            ],
            "Condition": {
                "StringLike": {
                    "s3:x-amz-acl": "bucket-owner-full-control"
                }
            }
        },
        {
            "Effect": "Allow",
            "Action": [
                "s3:GetBucketAcl"
            ],
            "Resource": "arn:aws:s3:::config-bucket-510680944440"
        },
        {
            "Effect": "Allow",
            "Action": "sns:Publish",
            "Resource": "arn:aws:sns:us-east-1:510680944440:config-topic"
        }
    ]
}
