{
    "Version": "2012-10-17",
    "Statement": [
        {
            "Effect": "Allow",
            "Action": [
                "ec2:CreateTags"
            ],
            "Resource": "arn:aws:ec2:region:account:*/*",
            "Condition": {
                "StringEquals": {
                    "aws:RequestTag/environment": ["test","prod"],
		    "ec2:RequestTag/Application": ["Functional name", "Resource name"],
                    "ec2:ResourceTag/ApplicationOwner": "${aws:username}",
		    "ec2:RequestTag/ClarityID": "",
		    "ec2:RequestTag/Domain": "",
		    "ec2:RequestTag/ProductTower": "Tower:Division",
		    "ec2:RequestTag/ResourceName": "",
		    "ec2:RequestTag/SupportContact": "Name:Email:Phone",
		    "ec2:RequestTag/SecurityPosture": "AML|PCI|SOC|SOX"
                }
            }
        }
    ]
}
