{
    "virtualInterfaces": [
        {
            "virtualInterfaceState": "available", 
            "asn": 65000, 
            "vlan": 2, 
            "customerAddress": "10.38.0.1/30", 
            "ownerAccount": "275087840327", 
            "connectionId": "dxcon-0E098E67", 
            "addressFamily": "ipv4", 
            "virtualGatewayId": "vgw-18b25b71", 
            "virtualInterfaceId": "dxvif-ffwz5wh3", 
            "authKey": "0xVWK2PzwOO2AJRhYGsZRUOH", 
            "routeFilterPrefixes": [], 
            "location": "CSVA1", 
            "bgpPeers": [
                {
                    "bgpStatus": "up", 
                    "customerAddress": "10.38.0.1/30", 
                    "addressFamily": "ipv4", 
                    "authKey": "0xVWK2PzwOO2AJRhYGsZRUOH", 
                    "bgpPeerState": "available", 
                    "amazonAddress": "10.38.0.2/30", 
                    "asn": 65000
                }
            ], 
            "customerRouterConfig": "<?xml version=\"1.0\" encoding=\"UTF-8\"?>\n<logical_connection id=\"dxvif-ffwz5wh3\">\n  <vlan>2</vlan>\n  <customer_address>10.38.0.1/30</customer_address>\n  <amazon_address>10.38.0.2/30</amazon_address>\n  <bgp_asn>65000</bgp_asn>\n  <bgp_auth_key>0xVWK2PzwOO2AJRhYGsZRUOH</bgp_auth_key>\n  <amazon_bgp_asn>7224</amazon_bgp_asn>\n  <connection_type>private</connection_type>\n</logical_connection>\n", 
            "amazonAddress": "10.38.0.2/30", 
            "virtualInterfaceType": "private", 
            "virtualInterfaceName": "wu-ece-management-vi-1"
        }, 
        {
            "virtualInterfaceState": "available", 
            "asn": 65000, 
            "vlan": 10, 
            "customerAddress": "10.38.0.9/30", 
            "ownerAccount": "275087840327", 
            "connectionId": "dxcon-0E098E67", 
            "addressFamily": "ipv4", 
            "virtualGatewayId": "vgw-d28f66bb", 
            "virtualInterfaceId": "dxvif-ffw1qm2p", 
            "authKey": "0xj.aWOfIAF0slMHqyoXYTv5", 
            "routeFilterPrefixes": [], 
            "location": "CSVA1", 
            "bgpPeers": [
                {
                    "bgpStatus": "up", 
                    "customerAddress": "10.38.0.9/30", 
                    "addressFamily": "ipv4", 
                    "authKey": "0xj.aWOfIAF0slMHqyoXYTv5", 
                    "bgpPeerState": "available", 
                    "amazonAddress": "10.38.0.10/30", 
                    "asn": 65000
                }
            ], 
            "customerRouterConfig": "<?xml version=\"1.0\" encoding=\"UTF-8\"?>\n<logical_connection id=\"dxvif-ffw1qm2p\">\n  <vlan>10</vlan>\n  <customer_address>10.38.0.9/30</customer_address>\n  <amazon_address>10.38.0.10/30</amazon_address>\n  <bgp_asn>65000</bgp_asn>\n  <bgp_auth_key>0xj.aWOfIAF0slMHqyoXYTv5</bgp_auth_key>\n  <amazon_bgp_asn>7224</amazon_bgp_asn>\n  <connection_type>private</connection_type>\n</logical_connection>\n", 
            "amazonAddress": "10.38.0.10/30", 
            "virtualInterfaceType": "private", 
            "virtualInterfaceName": "wu-ece-qa-vi-1"
        }, 
        {
            "virtualInterfaceState": "available", 
            "asn": 65000, 
            "vlan": 26, 
            "customerAddress": "10.38.0.25/30", 
            "ownerAccount": "275087840327", 
            "connectionId": "dxcon-0E098E67", 
            "addressFamily": "ipv4", 
            "virtualGatewayId": "vgw-ad8f66c4", 
            "virtualInterfaceId": "dxvif-fgpls12c", 
            "authKey": "0xcC93E2xTAIpICRfXyHLG2x", 
            "routeFilterPrefixes": [], 
            "location": "CSVA1", 
            "bgpPeers": [
                {
                    "bgpStatus": "up", 
                    "customerAddress": "10.38.0.25/30", 
                    "addressFamily": "ipv4", 
                    "authKey": "0xcC93E2xTAIpICRfXyHLG2x", 
                    "bgpPeerState": "available", 
                    "amazonAddress": "10.38.0.26/30", 
                    "asn": 65000
                }
            ], 
            "customerRouterConfig": "<?xml version=\"1.0\" encoding=\"UTF-8\"?>\n<logical_connection id=\"dxvif-fgpls12c\">\n  <vlan>26</vlan>\n  <customer_address>10.38.0.25/30</customer_address>\n  <amazon_address>10.38.0.26/30</amazon_address>\n  <bgp_asn>65000</bgp_asn>\n  <bgp_auth_key>0xcC93E2xTAIpICRfXyHLG2x</bgp_auth_key>\n  <amazon_bgp_asn>7224</amazon_bgp_asn>\n  <connection_type>private</connection_type>\n</logical_connection>\n", 
            "amazonAddress": "10.38.0.26/30", 
            "virtualInterfaceType": "private", 
            "virtualInterfaceName": "wu-ece-production-vi-1"
        }, 
        {
            "virtualInterfaceState": "available", 
            "asn": 65000, 
            "vlan": 18, 
            "customerAddress": "10.38.0.17/30", 
            "ownerAccount": "275087840327", 
            "connectionId": "dxcon-0E098E67", 
            "addressFamily": "ipv4", 
            "virtualGatewayId": "vgw-a88f66c1", 
            "virtualInterfaceId": "dxvif-ffnna0u1", 
            "authKey": "0xg1Lse25GU8Ekron0tXrbaz", 
            "routeFilterPrefixes": [], 
            "location": "CSVA1", 
            "bgpPeers": [
                {
                    "bgpStatus": "up", 
                    "customerAddress": "10.38.0.17/30", 
                    "addressFamily": "ipv4", 
                    "authKey": "0xg1Lse25GU8Ekron0tXrbaz", 
                    "bgpPeerState": "available", 
                    "amazonAddress": "10.38.0.18/30", 
                    "asn": 65000
                }
            ], 
            "customerRouterConfig": "<?xml version=\"1.0\" encoding=\"UTF-8\"?>\n<logical_connection id=\"dxvif-ffnna0u1\">\n  <vlan>18</vlan>\n  <customer_address>10.38.0.17/30</customer_address>\n  <amazon_address>10.38.0.18/30</amazon_address>\n  <bgp_asn>65000</bgp_asn>\n  <bgp_auth_key>0xg1Lse25GU8Ekron0tXrbaz</bgp_auth_key>\n  <amazon_bgp_asn>7224</amazon_bgp_asn>\n  <connection_type>private</connection_type>\n</logical_connection>\n", 
            "amazonAddress": "10.38.0.18/30", 
            "virtualInterfaceType": "private", 
            "virtualInterfaceName": "wu-ece-staging-vi-1"
        }, 
        {
            "virtualInterfaceState": "available", 
            "asn": 65000, 
            "vlan": 34, 
            "customerAddress": "10.38.0.33/30", 
            "ownerAccount": "510680944440", 
            "connectionId": "dxcon-0E098E67", 
            "addressFamily": "ipv4", 
            "virtualGatewayId": "vgw-8749a7ee", 
            "virtualInterfaceId": "dxvif-fhajl3d5", 
            "authKey": "KvOoqzNj43g1LxaqyQhxCqML", 
            "routeFilterPrefixes": [], 
            "location": "CSVA1", 
            "bgpPeers": [
                {
                    "bgpStatus": "up", 
                    "customerAddress": "10.38.0.33/30", 
                    "addressFamily": "ipv4", 
                    "authKey": "KvOoqzNj43g1LxaqyQhxCqML", 
                    "bgpPeerState": "available", 
                    "amazonAddress": "10.38.0.34/30", 
                    "asn": 65000
                }
            ], 
            "customerRouterConfig": "<?xml version=\"1.0\" encoding=\"UTF-8\"?>\n<logical_connection id=\"dxvif-fhajl3d5\">\n  <vlan>34</vlan>\n  <customer_address>10.38.0.33/30</customer_address>\n  <amazon_address>10.38.0.34/30</amazon_address>\n  <bgp_asn>65000</bgp_asn>\n  <bgp_auth_key>KvOoqzNj43g1LxaqyQhxCqML</bgp_auth_key>\n  <amazon_bgp_asn>7224</amazon_bgp_asn>\n  <connection_type>private</connection_type>\n</logical_connection>\n", 
            "amazonAddress": "10.38.0.34/30", 
            "virtualInterfaceType": "private", 
            "virtualInterfaceName": "wu-core-devint-vi-1"
        }, 
        {
            "virtualInterfaceState": "available", 
            "asn": 65000, 
            "vlan": 42, 
            "customerAddress": "10.38.0.41/30", 
            "ownerAccount": "135148293054", 
            "connectionId": "dxcon-0E098E67", 
            "addressFamily": "ipv4", 
            "virtualGatewayId": "vgw-8049a7e9", 
            "virtualInterfaceId": "dxvif-ffizpohv", 
            "authKey": "vZr2PPP4Hkug0Rq2cx6BhSYe", 
            "routeFilterPrefixes": [], 
            "location": "CSVA1", 
            "bgpPeers": [
                {
                    "bgpStatus": "up", 
                    "customerAddress": "10.38.0.41/30", 
                    "addressFamily": "ipv4", 
                    "authKey": "vZr2PPP4Hkug0Rq2cx6BhSYe", 
                    "bgpPeerState": "available", 
                    "amazonAddress": "10.38.0.42/30", 
                    "asn": 65000
                }
            ], 
            "customerRouterConfig": "<?xml version=\"1.0\" encoding=\"UTF-8\"?>\n<logical_connection id=\"dxvif-ffizpohv\">\n  <vlan>42</vlan>\n  <customer_address>10.38.0.41/30</customer_address>\n  <amazon_address>10.38.0.42/30</amazon_address>\n  <bgp_asn>65000</bgp_asn>\n  <bgp_auth_key>vZr2PPP4Hkug0Rq2cx6BhSYe</bgp_auth_key>\n  <amazon_bgp_asn>7224</amazon_bgp_asn>\n  <connection_type>private</connection_type>\n</logical_connection>\n", 
            "amazonAddress": "10.38.0.42/30", 
            "virtualInterfaceType": "private", 
            "virtualInterfaceName": "wu-digital-devint-vi-1"
        }, 
        {
            "virtualInterfaceState": "available", 
            "asn": 65000, 
            "vlan": 58, 
            "customerAddress": "10.38.0.57/30", 
            "ownerAccount": "342786247368", 
            "connectionId": "dxcon-0E098E67", 
            "addressFamily": "ipv4", 
            "virtualGatewayId": "vgw-b749a7de", 
            "virtualInterfaceId": "dxvif-fgz8jx14", 
            "authKey": "DCpNhOXFcja41TgA64He9Ao6", 
            "routeFilterPrefixes": [], 
            "location": "CSVA1", 
            "bgpPeers": [
                {
                    "bgpStatus": "up", 
                    "customerAddress": "10.38.0.57/30", 
                    "addressFamily": "ipv4", 
                    "authKey": "DCpNhOXFcja41TgA64He9Ao6", 
                    "bgpPeerState": "available", 
                    "amazonAddress": "10.38.0.58/30", 
                    "asn": 65000
                }
            ], 
            "customerRouterConfig": "<?xml version=\"1.0\" encoding=\"UTF-8\"?>\n<logical_connection id=\"dxvif-fgz8jx14\">\n  <vlan>58</vlan>\n  <customer_address>10.38.0.57/30</customer_address>\n  <amazon_address>10.38.0.58/30</amazon_address>\n  <bgp_asn>65000</bgp_asn>\n  <bgp_auth_key>DCpNhOXFcja41TgA64He9Ao6</bgp_auth_key>\n  <amazon_bgp_asn>7224</amazon_bgp_asn>\n  <connection_type>private</connection_type>\n</logical_connection>\n", 
            "amazonAddress": "10.38.0.58/30", 
            "virtualInterfaceType": "private", 
            "virtualInterfaceName": "wu-itio-devint-vi-1"
        }, 
        {
            "virtualInterfaceState": "available", 
            "asn": 65000, 
            "vlan": 50, 
            "customerAddress": "10.38.0.49/30", 
            "ownerAccount": "590770657271", 
            "connectionId": "dxcon-0E098E67", 
            "addressFamily": "ipv4", 
            "virtualGatewayId": "vgw-b88f66d1", 
            "virtualInterfaceId": "dxvif-ffsdifef", 
            "authKey": "0TgCtMDBfrb8rqCesQLoPmLx", 
            "routeFilterPrefixes": [], 
            "location": "CSVA1", 
            "bgpPeers": [
                {
                    "bgpStatus": "up", 
                    "customerAddress": "10.38.0.49/30", 
                    "addressFamily": "ipv4", 
                    "authKey": "0TgCtMDBfrb8rqCesQLoPmLx", 
                    "bgpPeerState": "available", 
                    "amazonAddress": "10.38.0.50/30", 
                    "asn": 65000
                }
            ], 
            "customerRouterConfig": "<?xml version=\"1.0\" encoding=\"UTF-8\"?>\n<logical_connection id=\"dxvif-ffsdifef\">\n  <vlan>50</vlan>\n  <customer_address>10.38.0.49/30</customer_address>\n  <amazon_address>10.38.0.50/30</amazon_address>\n  <bgp_asn>65000</bgp_asn>\n  <bgp_auth_key>0TgCtMDBfrb8rqCesQLoPmLx</bgp_auth_key>\n  <amazon_bgp_asn>7224</amazon_bgp_asn>\n  <connection_type>private</connection_type>\n</logical_connection>\n", 
            "amazonAddress": "10.38.0.50/30", 
            "virtualInterfaceType": "private", 
            "virtualInterfaceName": "wu-corp-devint-vi-1"
        }, 
        {
            "virtualInterfaceState": "available", 
            "asn": 65000, 
            "vlan": 6, 
            "customerAddress": "10.38.0.5/30", 
            "ownerAccount": "275087840327", 
            "connectionId": "dxcon-01098E68", 
            "addressFamily": "ipv4", 
            "virtualGatewayId": "vgw-18b25b71", 
            "virtualInterfaceId": "dxvif-ffp2cyff", 
            "authKey": "0xLMexkt.IJkKKceLCRzBubv", 
            "routeFilterPrefixes": [], 
            "location": "CSVA1", 
            "bgpPeers": [
                {
                    "bgpStatus": "up", 
                    "customerAddress": "10.38.0.5/30", 
                    "addressFamily": "ipv4", 
                    "authKey": "0xLMexkt.IJkKKceLCRzBubv", 
                    "bgpPeerState": "available", 
                    "amazonAddress": "10.38.0.6/30", 
                    "asn": 65000
                }
            ], 
            "customerRouterConfig": "<?xml version=\"1.0\" encoding=\"UTF-8\"?>\n<logical_connection id=\"dxvif-ffp2cyff\">\n  <vlan>6</vlan>\n  <customer_address>10.38.0.5/30</customer_address>\n  <amazon_address>10.38.0.6/30</amazon_address>\n  <bgp_asn>65000</bgp_asn>\n  <bgp_auth_key>0xLMexkt.IJkKKceLCRzBubv</bgp_auth_key>\n  <amazon_bgp_asn>7224</amazon_bgp_asn>\n  <connection_type>private</connection_type>\n</logical_connection>\n", 
            "amazonAddress": "10.38.0.6/30", 
            "virtualInterfaceType": "private", 
            "virtualInterfaceName": "wu-ece-management-vi-2"
        }, 
        {
            "virtualInterfaceState": "available", 
            "asn": 65000, 
            "vlan": 14, 
            "customerAddress": "10.38.0.13/30", 
            "ownerAccount": "275087840327", 
            "connectionId": "dxcon-01098E68", 
            "addressFamily": "ipv4", 
            "virtualGatewayId": "vgw-d28f66bb", 
            "virtualInterfaceId": "dxvif-ffvgpvj2", 
            "authKey": "0xsWWKq0RlXhjbN0lBAuAPaM", 
            "routeFilterPrefixes": [], 
            "location": "CSVA1", 
            "bgpPeers": [
                {
                    "bgpStatus": "up", 
                    "customerAddress": "10.38.0.13/30", 
                    "addressFamily": "ipv4", 
                    "authKey": "0xsWWKq0RlXhjbN0lBAuAPaM", 
                    "bgpPeerState": "available", 
                    "amazonAddress": "10.38.0.14/30", 
                    "asn": 65000
                }
            ], 
            "customerRouterConfig": "<?xml version=\"1.0\" encoding=\"UTF-8\"?>\n<logical_connection id=\"dxvif-ffvgpvj2\">\n  <vlan>14</vlan>\n  <customer_address>10.38.0.13/30</customer_address>\n  <amazon_address>10.38.0.14/30</amazon_address>\n  <bgp_asn>65000</bgp_asn>\n  <bgp_auth_key>0xsWWKq0RlXhjbN0lBAuAPaM</bgp_auth_key>\n  <amazon_bgp_asn>7224</amazon_bgp_asn>\n  <connection_type>private</connection_type>\n</logical_connection>\n", 
            "amazonAddress": "10.38.0.14/30", 
            "virtualInterfaceType": "private", 
            "virtualInterfaceName": "wu-ece-qa-vi-2"
        }, 
        {
            "virtualInterfaceState": "available", 
            "asn": 65000, 
            "vlan": 30, 
            "customerAddress": "10.38.0.29/30", 
            "ownerAccount": "275087840327", 
            "connectionId": "dxcon-01098E68", 
            "addressFamily": "ipv4", 
            "virtualGatewayId": "vgw-ad8f66c4", 
            "virtualInterfaceId": "dxvif-fgbzrvs7", 
            "authKey": "0xuNjFl12ANihRlujlGcBCvz", 
            "routeFilterPrefixes": [], 
            "location": "CSVA1", 
            "bgpPeers": [
                {
                    "bgpStatus": "up", 
                    "customerAddress": "10.38.0.29/30", 
                    "addressFamily": "ipv4", 
                    "authKey": "0xuNjFl12ANihRlujlGcBCvz", 
                    "bgpPeerState": "available", 
                    "amazonAddress": "10.38.0.30/30", 
                    "asn": 65000
                }
            ], 
            "customerRouterConfig": "<?xml version=\"1.0\" encoding=\"UTF-8\"?>\n<logical_connection id=\"dxvif-fgbzrvs7\">\n  <vlan>30</vlan>\n  <customer_address>10.38.0.29/30</customer_address>\n  <amazon_address>10.38.0.30/30</amazon_address>\n  <bgp_asn>65000</bgp_asn>\n  <bgp_auth_key>0xuNjFl12ANihRlujlGcBCvz</bgp_auth_key>\n  <amazon_bgp_asn>7224</amazon_bgp_asn>\n  <connection_type>private</connection_type>\n</logical_connection>\n", 
            "amazonAddress": "10.38.0.30/30", 
            "virtualInterfaceType": "private", 
            "virtualInterfaceName": "wu-ece-production-vi-2"
        }, 
        {
            "virtualInterfaceState": "available", 
            "asn": 65000, 
            "vlan": 22, 
            "customerAddress": "10.38.0.21/30", 
            "ownerAccount": "275087840327", 
            "connectionId": "dxcon-01098E68", 
            "addressFamily": "ipv4", 
            "virtualGatewayId": "vgw-a88f66c1", 
            "virtualInterfaceId": "dxvif-fggmf19w", 
            "authKey": "0xxvUjBsgDb7pO4QvL_PwFR4", 
            "routeFilterPrefixes": [], 
            "location": "CSVA1", 
            "bgpPeers": [
                {
                    "bgpStatus": "up", 
                    "customerAddress": "10.38.0.21/30", 
                    "addressFamily": "ipv4", 
                    "authKey": "0xxvUjBsgDb7pO4QvL_PwFR4", 
                    "bgpPeerState": "available", 
                    "amazonAddress": "10.38.0.22/30", 
                    "asn": 65000
                }
            ], 
            "customerRouterConfig": "<?xml version=\"1.0\" encoding=\"UTF-8\"?>\n<logical_connection id=\"dxvif-fggmf19w\">\n  <vlan>22</vlan>\n  <customer_address>10.38.0.21/30</customer_address>\n  <amazon_address>10.38.0.22/30</amazon_address>\n  <bgp_asn>65000</bgp_asn>\n  <bgp_auth_key>0xxvUjBsgDb7pO4QvL_PwFR4</bgp_auth_key>\n  <amazon_bgp_asn>7224</amazon_bgp_asn>\n  <connection_type>private</connection_type>\n</logical_connection>\n", 
            "amazonAddress": "10.38.0.22/30", 
            "virtualInterfaceType": "private", 
            "virtualInterfaceName": "wu-ece-staging-vi-2"
        }, 
        {
            "virtualInterfaceState": "available", 
            "asn": 65000, 
            "vlan": 38, 
            "customerAddress": "10.38.0.37/30", 
            "ownerAccount": "510680944440", 
            "connectionId": "dxcon-01098E68", 
            "addressFamily": "ipv4", 
            "virtualGatewayId": "vgw-8749a7ee", 
            "virtualInterfaceId": "dxvif-fg3tbqn5", 
            "authKey": "mhoG78VGzHEfCxJwIFhEEKdv", 
            "routeFilterPrefixes": [], 
            "location": "CSVA1", 
            "bgpPeers": [
                {
                    "bgpStatus": "up", 
                    "customerAddress": "10.38.0.37/30", 
                    "addressFamily": "ipv4", 
                    "authKey": "mhoG78VGzHEfCxJwIFhEEKdv", 
                    "bgpPeerState": "available", 
                    "amazonAddress": "10.38.0.38/30", 
                    "asn": 65000
                }
            ], 
            "customerRouterConfig": "<?xml version=\"1.0\" encoding=\"UTF-8\"?>\n<logical_connection id=\"dxvif-fg3tbqn5\">\n  <vlan>38</vlan>\n  <customer_address>10.38.0.37/30</customer_address>\n  <amazon_address>10.38.0.38/30</amazon_address>\n  <bgp_asn>65000</bgp_asn>\n  <bgp_auth_key>mhoG78VGzHEfCxJwIFhEEKdv</bgp_auth_key>\n  <amazon_bgp_asn>7224</amazon_bgp_asn>\n  <connection_type>private</connection_type>\n</logical_connection>\n", 
            "amazonAddress": "10.38.0.38/30", 
            "virtualInterfaceType": "private", 
            "virtualInterfaceName": "wu-core-devint-vi-2"
        }, 
        {
            "virtualInterfaceState": "available", 
            "asn": 65000, 
            "vlan": 54, 
            "customerAddress": "10.38.0.53/30", 
            "ownerAccount": "590770657271", 
            "connectionId": "dxcon-01098E68", 
            "addressFamily": "ipv4", 
            "virtualGatewayId": "vgw-b88f66d1", 
            "virtualInterfaceId": "dxvif-fftuxose", 
            "authKey": "RC6jZpZ5duk3gAiaeAyrTPeK", 
            "routeFilterPrefixes": [], 
            "location": "CSVA1", 
            "bgpPeers": [
                {
                    "bgpStatus": "up", 
                    "customerAddress": "10.38.0.53/30", 
                    "addressFamily": "ipv4", 
                    "authKey": "RC6jZpZ5duk3gAiaeAyrTPeK", 
                    "bgpPeerState": "available", 
                    "amazonAddress": "10.38.0.54/30", 
                    "asn": 65000
                }
            ], 
            "customerRouterConfig": "<?xml version=\"1.0\" encoding=\"UTF-8\"?>\n<logical_connection id=\"dxvif-fftuxose\">\n  <vlan>54</vlan>\n  <customer_address>10.38.0.53/30</customer_address>\n  <amazon_address>10.38.0.54/30</amazon_address>\n  <bgp_asn>65000</bgp_asn>\n  <bgp_auth_key>RC6jZpZ5duk3gAiaeAyrTPeK</bgp_auth_key>\n  <amazon_bgp_asn>7224</amazon_bgp_asn>\n  <connection_type>private</connection_type>\n</logical_connection>\n", 
            "amazonAddress": "10.38.0.54/30", 
            "virtualInterfaceType": "private", 
            "virtualInterfaceName": "wu-corp-devint-vi-2"
        }, 
        {
            "virtualInterfaceState": "available", 
            "asn": 65000, 
            "vlan": 62, 
            "customerAddress": "10.38.0.61/30", 
            "ownerAccount": "342786247368", 
            "connectionId": "dxcon-01098E68", 
            "addressFamily": "ipv4", 
            "virtualGatewayId": "vgw-b749a7de", 
            "virtualInterfaceId": "dxvif-ffp6yare", 
            "authKey": "e0qsM07m5n3jZz.03QoVRz6F", 
            "routeFilterPrefixes": [], 
            "location": "CSVA1", 
            "bgpPeers": [
                {
                    "bgpStatus": "up", 
                    "customerAddress": "10.38.0.61/30", 
                    "addressFamily": "ipv4", 
                    "authKey": "e0qsM07m5n3jZz.03QoVRz6F", 
                    "bgpPeerState": "available", 
                    "amazonAddress": "10.38.0.62/30", 
                    "asn": 65000
                }
            ], 
            "customerRouterConfig": "<?xml version=\"1.0\" encoding=\"UTF-8\"?>\n<logical_connection id=\"dxvif-ffp6yare\">\n  <vlan>62</vlan>\n  <customer_address>10.38.0.61/30</customer_address>\n  <amazon_address>10.38.0.62/30</amazon_address>\n  <bgp_asn>65000</bgp_asn>\n  <bgp_auth_key>e0qsM07m5n3jZz.03QoVRz6F</bgp_auth_key>\n  <amazon_bgp_asn>7224</amazon_bgp_asn>\n  <connection_type>private</connection_type>\n</logical_connection>\n", 
            "amazonAddress": "10.38.0.62/30", 
            "virtualInterfaceType": "private", 
            "virtualInterfaceName": "wu-itio-devint-vi-2"
        }, 
        {
            "virtualInterfaceState": "available", 
            "asn": 65000, 
            "vlan": 70, 
            "customerAddress": "10.38.0.69/30", 
            "ownerAccount": "342786247368", 
            "connectionId": "dxcon-01098E68", 
            "addressFamily": "ipv4", 
            "virtualGatewayId": "vgw-b449a7dd", 
            "virtualInterfaceId": "dxvif-fh51stal", 
            "authKey": "HrZUMnC_4tjOy608gA_j7aQm", 
            "routeFilterPrefixes": [], 
            "location": "CSVA1", 
            "bgpPeers": [
                {
                    "bgpStatus": "up", 
                    "customerAddress": "10.38.0.69/30", 
                    "addressFamily": "ipv4", 
                    "authKey": "HrZUMnC_4tjOy608gA_j7aQm", 
                    "bgpPeerState": "available", 
                    "amazonAddress": "10.38.0.70/30", 
                    "asn": 65000
                }
            ], 
            "customerRouterConfig": "<?xml version=\"1.0\" encoding=\"UTF-8\"?>\n<logical_connection id=\"dxvif-fh51stal\">\n  <vlan>70</vlan>\n  <customer_address>10.38.0.69/30</customer_address>\n  <amazon_address>10.38.0.70/30</amazon_address>\n  <bgp_asn>65000</bgp_asn>\n  <bgp_auth_key>HrZUMnC_4tjOy608gA_j7aQm</bgp_auth_key>\n  <amazon_bgp_asn>7224</amazon_bgp_asn>\n  <connection_type>private</connection_type>\n</logical_connection>\n", 
            "amazonAddress": "10.38.0.70/30", 
            "virtualInterfaceType": "private", 
            "virtualInterfaceName": "wu-infosec-devint-vi-2"
        }, 
        {
            "virtualInterfaceState": "available", 
            "asn": 65000, 
            "vlan": 46, 
            "customerAddress": "10.38.0.45/30", 
            "ownerAccount": "135148293054", 
            "connectionId": "dxcon-01098E68", 
            "addressFamily": "ipv4", 
            "virtualGatewayId": "vgw-8049a7e9", 
            "virtualInterfaceId": "dxvif-fg73oz2t", 
            "authKey": "bSQObyCkd_w0hI_Qnd8cNmuS", 
            "routeFilterPrefixes": [], 
            "location": "CSVA1", 
            "bgpPeers": [
                {
                    "bgpStatus": "up", 
                    "customerAddress": "10.38.0.45/30", 
                    "addressFamily": "ipv4", 
                    "authKey": "bSQObyCkd_w0hI_Qnd8cNmuS", 
                    "bgpPeerState": "available", 
                    "amazonAddress": "10.38.0.46/30", 
                    "asn": 65000
                }
            ], 
            "customerRouterConfig": "<?xml version=\"1.0\" encoding=\"UTF-8\"?>\n<logical_connection id=\"dxvif-fg73oz2t\">\n  <vlan>46</vlan>\n  <customer_address>10.38.0.45/30</customer_address>\n  <amazon_address>10.38.0.46/30</amazon_address>\n  <bgp_asn>65000</bgp_asn>\n  <bgp_auth_key>bSQObyCkd_w0hI_Qnd8cNmuS</bgp_auth_key>\n  <amazon_bgp_asn>7224</amazon_bgp_asn>\n  <connection_type>private</connection_type>\n</logical_connection>\n", 
            "amazonAddress": "10.38.0.46/30", 
            "virtualInterfaceType": "private", 
            "virtualInterfaceName": "wu-digital-devint-vi-2"
        }, 
        {
            "virtualInterfaceState": "available", 
            "asn": 65000, 
            "vlan": 66, 
            "customerAddress": "10.38.0.65/30", 
            "ownerAccount": "342786247368", 
            "connectionId": "dxcon-0E098E67", 
            "addressFamily": "ipv4", 
            "virtualGatewayId": "vgw-b449a7dd", 
            "virtualInterfaceId": "dxvif-ffthum3a", 
            "authKey": "0xXaZJ9KbYgO_9gQUYNPvZqw", 
            "routeFilterPrefixes": [], 
            "location": "CSVA1", 
            "bgpPeers": [
                {
                    "bgpStatus": "up", 
                    "customerAddress": "10.38.0.65/30", 
                    "addressFamily": "ipv4", 
                    "authKey": "0xXaZJ9KbYgO_9gQUYNPvZqw", 
                    "bgpPeerState": "available", 
                    "amazonAddress": "10.38.0.66/30", 
                    "asn": 65000
                }
            ], 
            "customerRouterConfig": "<?xml version=\"1.0\" encoding=\"UTF-8\"?>\n<logical_connection id=\"dxvif-ffthum3a\">\n  <vlan>66</vlan>\n  <customer_address>10.38.0.65/30</customer_address>\n  <amazon_address>10.38.0.66/30</amazon_address>\n  <bgp_asn>65000</bgp_asn>\n  <bgp_auth_key>0xXaZJ9KbYgO_9gQUYNPvZqw</bgp_auth_key>\n  <amazon_bgp_asn>7224</amazon_bgp_asn>\n  <connection_type>private</connection_type>\n</logical_connection>\n", 
            "amazonAddress": "10.38.0.66/30", 
            "virtualInterfaceType": "private", 
            "virtualInterfaceName": "wu-infosec-devint-vi-1"
        }, 
        {
            "virtualInterfaceState": "available", 
            "asn": 65000, 
            "vlan": 82, 
            "customerAddress": "10.38.0.81/30", 
            "ownerAccount": "152170173512", 
            "connectionId": "dxcon-0E098E67", 
            "addressFamily": "ipv4", 
            "virtualGatewayId": "vgw-40e70e29", 
            "virtualInterfaceId": "dxvif-fhb7l817", 
            "authKey": "0xye16mxwGX0QAhwMpiFD0VS", 
            "routeFilterPrefixes": [], 
            "location": "CSVA1", 
            "bgpPeers": [
                {
                    "bgpStatus": "up", 
                    "customerAddress": "10.38.0.81/30", 
                    "addressFamily": "ipv4", 
                    "authKey": "0xye16mxwGX0QAhwMpiFD0VS", 
                    "bgpPeerState": "available", 
                    "amazonAddress": "10.38.0.82/30", 
                    "asn": 65000
                }
            ], 
            "customerRouterConfig": "<?xml version=\"1.0\" encoding=\"UTF-8\"?>\n<logical_connection id=\"dxvif-fhb7l817\">\n  <vlan>82</vlan>\n  <customer_address>10.38.0.81/30</customer_address>\n  <amazon_address>10.38.0.82/30</amazon_address>\n  <bgp_asn>65000</bgp_asn>\n  <bgp_auth_key>0xye16mxwGX0QAhwMpiFD0VS</bgp_auth_key>\n  <amazon_bgp_asn>7224</amazon_bgp_asn>\n  <connection_type>private</connection_type>\n</logical_connection>\n", 
            "amazonAddress": "10.38.0.82/30", 
            "virtualInterfaceType": "private", 
            "virtualInterfaceName": "wu-speedpay-test-vi-1"
        }, 
        {
            "virtualInterfaceState": "available", 
            "asn": 65000, 
            "vlan": 86, 
            "customerAddress": "10.38.0.85/30", 
            "ownerAccount": "152170173512", 
            "connectionId": "dxcon-01098E68", 
            "addressFamily": "ipv4", 
            "virtualGatewayId": "vgw-40e70e29", 
            "virtualInterfaceId": "dxvif-ffyiefqp", 
            "authKey": "0xUMG.kfhkcIyG9xhrrKFWn8", 
            "routeFilterPrefixes": [], 
            "location": "CSVA1", 
            "bgpPeers": [
                {
                    "bgpStatus": "up", 
                    "customerAddress": "10.38.0.85/30", 
                    "addressFamily": "ipv4", 
                    "authKey": "0xUMG.kfhkcIyG9xhrrKFWn8", 
                    "bgpPeerState": "available", 
                    "amazonAddress": "10.38.0.86/30", 
                    "asn": 65000
                }
            ], 
            "customerRouterConfig": "<?xml version=\"1.0\" encoding=\"UTF-8\"?>\n<logical_connection id=\"dxvif-ffyiefqp\">\n  <vlan>86</vlan>\n  <customer_address>10.38.0.85/30</customer_address>\n  <amazon_address>10.38.0.86/30</amazon_address>\n  <bgp_asn>65000</bgp_asn>\n  <bgp_auth_key>0xUMG.kfhkcIyG9xhrrKFWn8</bgp_auth_key>\n  <amazon_bgp_asn>7224</amazon_bgp_asn>\n  <connection_type>private</connection_type>\n</logical_connection>\n", 
            "amazonAddress": "10.38.0.86/30", 
            "virtualInterfaceType": "private", 
            "virtualInterfaceName": "wu-speedpay-test-vi-2"
        }, 
        {
            "virtualInterfaceState": "available", 
            "asn": 65000, 
            "vlan": 98, 
            "customerAddress": "10.38.0.97/30", 
            "ownerAccount": "267256679673", 
            "connectionId": "dxcon-0E098E67", 
            "addressFamily": "ipv4", 
            "virtualGatewayId": "vgw-53856d3a", 
            "virtualInterfaceId": "dxvif-fgddl3qe", 
            "authKey": "0xYISmVrV98R2zjkNMfOyIvH", 
            "routeFilterPrefixes": [], 
            "location": "CSVA1", 
            "bgpPeers": [
                {
                    "bgpStatus": "up", 
                    "customerAddress": "10.38.0.97/30", 
                    "addressFamily": "ipv4", 
                    "authKey": "0xYISmVrV98R2zjkNMfOyIvH", 
                    "bgpPeerState": "available", 
                    "amazonAddress": "10.38.0.98/30", 
                    "asn": 65000
                }
            ], 
            "customerRouterConfig": "<?xml version=\"1.0\" encoding=\"UTF-8\"?>\n<logical_connection id=\"dxvif-fgddl3qe\">\n  <vlan>98</vlan>\n  <customer_address>10.38.0.97/30</customer_address>\n  <amazon_address>10.38.0.98/30</amazon_address>\n  <bgp_asn>65000</bgp_asn>\n  <bgp_auth_key>0xYISmVrV98R2zjkNMfOyIvH</bgp_auth_key>\n  <amazon_bgp_asn>7224</amazon_bgp_asn>\n  <connection_type>private</connection_type>\n</logical_connection>\n", 
            "amazonAddress": "10.38.0.98/30", 
            "virtualInterfaceType": "private", 
            "virtualInterfaceName": "wu-core-prod-vi-1"
        }, 
        {
            "virtualInterfaceState": "available", 
            "asn": 65000, 
            "vlan": 102, 
            "customerAddress": "10.38.0.101/30", 
            "ownerAccount": "267256679673", 
            "connectionId": "dxcon-01098E68", 
            "addressFamily": "ipv4", 
            "virtualGatewayId": "vgw-53856d3a", 
            "virtualInterfaceId": "dxvif-fgc7i8dk", 
            "authKey": "0xFtHpZfMVjoMMXgMmAW3XLh", 
            "routeFilterPrefixes": [], 
            "location": "CSVA1", 
            "bgpPeers": [
                {
                    "bgpStatus": "up", 
                    "customerAddress": "10.38.0.101/30", 
                    "addressFamily": "ipv4", 
                    "authKey": "0xFtHpZfMVjoMMXgMmAW3XLh", 
                    "bgpPeerState": "available", 
                    "amazonAddress": "10.38.0.102/30", 
                    "asn": 65000
                }
            ], 
            "customerRouterConfig": "<?xml version=\"1.0\" encoding=\"UTF-8\"?>\n<logical_connection id=\"dxvif-fgc7i8dk\">\n  <vlan>102</vlan>\n  <customer_address>10.38.0.101/30</customer_address>\n  <amazon_address>10.38.0.102/30</amazon_address>\n  <bgp_asn>65000</bgp_asn>\n  <bgp_auth_key>0xFtHpZfMVjoMMXgMmAW3XLh</bgp_auth_key>\n  <amazon_bgp_asn>7224</amazon_bgp_asn>\n  <connection_type>private</connection_type>\n</logical_connection>\n", 
            "amazonAddress": "10.38.0.102/30", 
            "virtualInterfaceType": "private", 
            "virtualInterfaceName": "wu-core-prod-vi-2"
        }, 
        {
            "virtualInterfaceState": "available", 
            "asn": 65000, 
            "vlan": 106, 
            "customerAddress": "10.38.0.105/30", 
            "ownerAccount": "108030771887", 
            "connectionId": "dxcon-0E098E67", 
            "addressFamily": "ipv4", 
            "virtualGatewayId": "vgw-06947c6f", 
            "virtualInterfaceId": "dxvif-fgr3vc1y", 
            "authKey": "0xFav2ayPtd9ua2M70DiGYOP", 
            "routeFilterPrefixes": [], 
            "location": "CSVA1", 
            "bgpPeers": [
                {
                    "bgpStatus": "up", 
                    "customerAddress": "10.38.0.105/30", 
                    "addressFamily": "ipv4", 
                    "authKey": "0xFav2ayPtd9ua2M70DiGYOP", 
                    "bgpPeerState": "available", 
                    "amazonAddress": "10.38.0.106/30", 
                    "asn": 65000
                }
            ], 
            "customerRouterConfig": "<?xml version=\"1.0\" encoding=\"UTF-8\"?>\n<logical_connection id=\"dxvif-fgr3vc1y\">\n  <vlan>106</vlan>\n  <customer_address>10.38.0.105/30</customer_address>\n  <amazon_address>10.38.0.106/30</amazon_address>\n  <bgp_asn>65000</bgp_asn>\n  <bgp_auth_key>0xFav2ayPtd9ua2M70DiGYOP</bgp_auth_key>\n  <amazon_bgp_asn>7224</amazon_bgp_asn>\n  <connection_type>private</connection_type>\n</logical_connection>\n", 
            "amazonAddress": "10.38.0.106/30", 
            "virtualInterfaceType": "private", 
            "virtualInterfaceName": "wu-digital-prod-vi-1"
        }, 
        {
            "virtualInterfaceState": "available", 
            "asn": 65000, 
            "vlan": 114, 
            "customerAddress": "10.38.0.113/30", 
            "ownerAccount": "557961191848", 
            "connectionId": "dxcon-0E098E67", 
            "addressFamily": "ipv4", 
            "virtualGatewayId": "vgw-c80de5a1", 
            "virtualInterfaceId": "dxvif-ffohmlm7", 
            "authKey": "0x_cOkrv72veOaRZQYekedoW", 
            "routeFilterPrefixes": [], 
            "location": "CSVA1", 
            "bgpPeers": [
                {
                    "bgpStatus": "up", 
                    "customerAddress": "10.38.0.113/30", 
                    "addressFamily": "ipv4", 
                    "authKey": "0x_cOkrv72veOaRZQYekedoW", 
                    "bgpPeerState": "available", 
                    "amazonAddress": "10.38.0.114/30", 
                    "asn": 65000
                }
            ], 
            "customerRouterConfig": "<?xml version=\"1.0\" encoding=\"UTF-8\"?>\n<logical_connection id=\"dxvif-ffohmlm7\">\n  <vlan>114</vlan>\n  <customer_address>10.38.0.113/30</customer_address>\n  <amazon_address>10.38.0.114/30</amazon_address>\n  <bgp_asn>65000</bgp_asn>\n  <bgp_auth_key>0x_cOkrv72veOaRZQYekedoW</bgp_auth_key>\n  <amazon_bgp_asn>7224</amazon_bgp_asn>\n  <connection_type>private</connection_type>\n</logical_connection>\n", 
            "amazonAddress": "10.38.0.114/30", 
            "virtualInterfaceType": "private", 
            "virtualInterfaceName": "wu-wubs-prod-vi-1"
        }, 
        {
            "virtualInterfaceState": "available", 
            "asn": 65000, 
            "vlan": 122, 
            "customerAddress": "10.38.0.221/30", 
            "ownerAccount": "152170173512", 
            "connectionId": "dxcon-0E098E67", 
            "addressFamily": "ipv4", 
            "virtualGatewayId": "vgw-af0ae3c6", 
            "virtualInterfaceId": "dxvif-ffhihgks", 
            "authKey": "0x0egtenA99O0cqOojH.jS4p", 
            "routeFilterPrefixes": [], 
            "location": "CSVA1", 
            "bgpPeers": [
                {
                    "bgpStatus": "up", 
                    "customerAddress": "10.38.0.221/30", 
                    "addressFamily": "ipv4", 
                    "authKey": "0x0egtenA99O0cqOojH.jS4p", 
                    "bgpPeerState": "available", 
                    "amazonAddress": "10.38.0.222/30", 
                    "asn": 65000
                }
            ], 
            "customerRouterConfig": "<?xml version=\"1.0\" encoding=\"UTF-8\"?>\n<logical_connection id=\"dxvif-ffhihgks\">\n  <vlan>122</vlan>\n  <customer_address>10.38.0.221/30</customer_address>\n  <amazon_address>10.38.0.222/30</amazon_address>\n  <bgp_asn>65000</bgp_asn>\n  <bgp_auth_key>0x0egtenA99O0cqOojH.jS4p</bgp_auth_key>\n  <amazon_bgp_asn>7224</amazon_bgp_asn>\n  <connection_type>private</connection_type>\n</logical_connection>\n", 
            "amazonAddress": "10.38.0.222/30", 
            "virtualInterfaceType": "private", 
            "virtualInterfaceName": "wu-speedpay-orig-prod-vi-1"
        }, 
        {
            "virtualInterfaceState": "available", 
            "asn": 65000, 
            "vlan": 126, 
            "customerAddress": "10.38.0.225/30", 
            "ownerAccount": "152170173512", 
            "connectionId": "dxcon-01098E68", 
            "addressFamily": "ipv4", 
            "virtualGatewayId": "vgw-af0ae3c6", 
            "virtualInterfaceId": "dxvif-fh97dy1m", 
            "authKey": "0xiYSfPdkhoy9yMRRlGo6tHD", 
            "routeFilterPrefixes": [], 
            "location": "CSVA1", 
            "bgpPeers": [
                {
                    "bgpStatus": "up", 
                    "customerAddress": "10.38.0.225/30", 
                    "addressFamily": "ipv4", 
                    "authKey": "0xiYSfPdkhoy9yMRRlGo6tHD", 
                    "bgpPeerState": "available", 
                    "amazonAddress": "10.38.0.226/30", 
                    "asn": 65000
                }
            ], 
            "customerRouterConfig": "<?xml version=\"1.0\" encoding=\"UTF-8\"?>\n<logical_connection id=\"dxvif-fh97dy1m\">\n  <vlan>126</vlan>\n  <customer_address>10.38.0.225/30</customer_address>\n  <amazon_address>10.38.0.226/30</amazon_address>\n  <bgp_asn>65000</bgp_asn>\n  <bgp_auth_key>0xiYSfPdkhoy9yMRRlGo6tHD</bgp_auth_key>\n  <amazon_bgp_asn>7224</amazon_bgp_asn>\n  <connection_type>private</connection_type>\n</logical_connection>\n", 
            "amazonAddress": "10.38.0.226/30", 
            "virtualInterfaceType": "private", 
            "virtualInterfaceName": "wu-speedpay-orig-prod-vi-2"
        }, 
        {
            "virtualInterfaceState": "confirming", 
            "asn": 65000, 
            "vlan": 74, 
            "customerAddress": "10.38.0.73/30", 
            "ownerAccount": "152170173512", 
            "connectionId": "dxcon-0E098E67", 
            "addressFamily": "ipv4", 
            "virtualGatewayId": "", 
            "virtualInterfaceId": "dxvif-fhalhdn9", 
            "authKey": "0xcJu7g3Id3KiFZestwuVegR", 
            "routeFilterPrefixes": [], 
            "location": "CSVA1", 
            "bgpPeers": [
                {
                    "bgpStatus": "down", 
                    "customerAddress": "10.38.0.73/30", 
                    "addressFamily": "ipv4", 
                    "authKey": "0xcJu7g3Id3KiFZestwuVegR", 
                    "bgpPeerState": "pending", 
                    "amazonAddress": "10.38.0.74/30", 
                    "asn": 65000
                }
            ], 
            "customerRouterConfig": "<?xml version=\"1.0\" encoding=\"UTF-8\"?>\n<logical_connection id=\"dxvif-fhalhdn9\">\n  <vlan>74</vlan>\n  <customer_address>10.38.0.73/30</customer_address>\n  <amazon_address>10.38.0.74/30</amazon_address>\n  <bgp_asn>65000</bgp_asn>\n  <bgp_auth_key>0xcJu7g3Id3KiFZestwuVegR</bgp_auth_key>\n  <amazon_bgp_asn>7224</amazon_bgp_asn>\n  <connection_type>private</connection_type>\n</logical_connection>\n", 
            "amazonAddress": "10.38.0.74/30", 
            "virtualInterfaceType": "private", 
            "virtualInterfaceName": "wu-speedpay-uat-vi-1"
        }, 
        {
            "virtualInterfaceState": "confirming", 
            "asn": 65000, 
            "vlan": 78, 
            "customerAddress": "10.38.0.77/30", 
            "ownerAccount": "152170173512", 
            "connectionId": "dxcon-01098E68", 
            "addressFamily": "ipv4", 
            "virtualGatewayId": "", 
            "virtualInterfaceId": "dxvif-ffibjvax", 
            "authKey": "0xX4UgqNq4QTpugrwhWFkwLS", 
            "routeFilterPrefixes": [], 
            "location": "CSVA1", 
            "bgpPeers": [
                {
                    "bgpStatus": "down", 
                    "customerAddress": "10.38.0.77/30", 
                    "addressFamily": "ipv4", 
                    "authKey": "0xX4UgqNq4QTpugrwhWFkwLS", 
                    "bgpPeerState": "pending", 
                    "amazonAddress": "10.38.0.78/30", 
                    "asn": 65000
                }
            ], 
            "customerRouterConfig": "<?xml version=\"1.0\" encoding=\"UTF-8\"?>\n<logical_connection id=\"dxvif-ffibjvax\">\n  <vlan>78</vlan>\n  <customer_address>10.38.0.77/30</customer_address>\n  <amazon_address>10.38.0.78/30</amazon_address>\n  <bgp_asn>65000</bgp_asn>\n  <bgp_auth_key>0xX4UgqNq4QTpugrwhWFkwLS</bgp_auth_key>\n  <amazon_bgp_asn>7224</amazon_bgp_asn>\n  <connection_type>private</connection_type>\n</logical_connection>\n", 
            "amazonAddress": "10.38.0.78/30", 
            "virtualInterfaceType": "private", 
            "virtualInterfaceName": "wu-speedpay-uat-vi-2"
        }, 
        {
            "virtualInterfaceState": "confirming", 
            "asn": 65000, 
            "vlan": 90, 
            "customerAddress": "10.38.0.89/30", 
            "ownerAccount": "152170173512", 
            "connectionId": "dxcon-0E098E67", 
            "addressFamily": "ipv4", 
            "virtualGatewayId": "", 
            "virtualInterfaceId": "dxvif-fgytzqy2", 
            "authKey": "0xQt4brjmpsMd3n3_JwDw3g0", 
            "routeFilterPrefixes": [], 
            "location": "CSVA1", 
            "bgpPeers": [
                {
                    "bgpStatus": "down", 
                    "customerAddress": "10.38.0.89/30", 
                    "addressFamily": "ipv4", 
                    "authKey": "0xQt4brjmpsMd3n3_JwDw3g0", 
                    "bgpPeerState": "pending", 
                    "amazonAddress": "10.38.0.90/30", 
                    "asn": 65000
                }
            ], 
            "customerRouterConfig": "<?xml version=\"1.0\" encoding=\"UTF-8\"?>\n<logical_connection id=\"dxvif-fgytzqy2\">\n  <vlan>90</vlan>\n  <customer_address>10.38.0.89/30</customer_address>\n  <amazon_address>10.38.0.90/30</amazon_address>\n  <bgp_asn>65000</bgp_asn>\n  <bgp_auth_key>0xQt4brjmpsMd3n3_JwDw3g0</bgp_auth_key>\n  <amazon_bgp_asn>7224</amazon_bgp_asn>\n  <connection_type>private</connection_type>\n</logical_connection>\n", 
            "amazonAddress": "10.38.0.90/30", 
            "virtualInterfaceType": "private", 
            "virtualInterfaceName": "wu-speedpay-mgmt-vi-1"
        }, 
        {
            "virtualInterfaceState": "confirming", 
            "asn": 65000, 
            "vlan": 94, 
            "customerAddress": "10.38.0.93/30", 
            "ownerAccount": "152170173512", 
            "connectionId": "dxcon-01098E68", 
            "addressFamily": "ipv4", 
            "virtualGatewayId": "", 
            "virtualInterfaceId": "dxvif-fgl3fvc9", 
            "authKey": "0xxbMlwdCyaVrHq8Y2P3mS4n", 
            "routeFilterPrefixes": [], 
            "location": "CSVA1", 
            "bgpPeers": [
                {
                    "bgpStatus": "down", 
                    "customerAddress": "10.38.0.93/30", 
                    "addressFamily": "ipv4", 
                    "authKey": "0xxbMlwdCyaVrHq8Y2P3mS4n", 
                    "bgpPeerState": "pending", 
                    "amazonAddress": "10.38.0.94/30", 
                    "asn": 65000
                }
            ], 
            "customerRouterConfig": "<?xml version=\"1.0\" encoding=\"UTF-8\"?>\n<logical_connection id=\"dxvif-fgl3fvc9\">\n  <vlan>94</vlan>\n  <customer_address>10.38.0.93/30</customer_address>\n  <amazon_address>10.38.0.94/30</amazon_address>\n  <bgp_asn>65000</bgp_asn>\n  <bgp_auth_key>0xxbMlwdCyaVrHq8Y2P3mS4n</bgp_auth_key>\n  <amazon_bgp_asn>7224</amazon_bgp_asn>\n  <connection_type>private</connection_type>\n</logical_connection>\n", 
            "amazonAddress": "10.38.0.94/30", 
            "virtualInterfaceType": "private", 
            "virtualInterfaceName": "wu-speedpay-mgmt-vi-2"
        }, 
        {
            "virtualInterfaceState": "available", 
            "asn": 65000, 
            "vlan": 110, 
            "customerAddress": "10.38.0.109/30", 
            "ownerAccount": "108030771887", 
            "connectionId": "dxcon-01098E68", 
            "addressFamily": "ipv4", 
            "virtualGatewayId": "vgw-06947c6f", 
            "virtualInterfaceId": "dxvif-fgpcysxb", 
            "authKey": "0x27QfUTSS1mRazir52psGyV", 
            "routeFilterPrefixes": [], 
            "location": "CSVA1", 
            "bgpPeers": [
                {
                    "bgpStatus": "up", 
                    "customerAddress": "10.38.0.109/30", 
                    "addressFamily": "ipv4", 
                    "authKey": "0x27QfUTSS1mRazir52psGyV", 
                    "bgpPeerState": "available", 
                    "amazonAddress": "10.38.0.110/30", 
                    "asn": 65000
                }
            ], 
            "customerRouterConfig": "<?xml version=\"1.0\" encoding=\"UTF-8\"?>\n<logical_connection id=\"dxvif-fgpcysxb\">\n  <vlan>110</vlan>\n  <customer_address>10.38.0.109/30</customer_address>\n  <amazon_address>10.38.0.110/30</amazon_address>\n  <bgp_asn>65000</bgp_asn>\n  <bgp_auth_key>0x27QfUTSS1mRazir52psGyV</bgp_auth_key>\n  <amazon_bgp_asn>7224</amazon_bgp_asn>\n  <connection_type>private</connection_type>\n</logical_connection>\n", 
            "amazonAddress": "10.38.0.110/30", 
            "virtualInterfaceType": "private", 
            "virtualInterfaceName": "wu-digital-prod-vi-2"
        }, 
        {
            "virtualInterfaceState": "available", 
            "asn": 65000, 
            "vlan": 118, 
            "customerAddress": "10.38.0.117/30", 
            "ownerAccount": "557961191848", 
            "connectionId": "dxcon-01098E68", 
            "addressFamily": "ipv4", 
            "virtualGatewayId": "vgw-c80de5a1", 
            "virtualInterfaceId": "dxvif-ffin4i8n", 
            "authKey": "0xaVFB_KNqXIOCxVit5JAoDN", 
            "routeFilterPrefixes": [], 
            "location": "CSVA1", 
            "bgpPeers": [
                {
                    "bgpStatus": "up", 
                    "customerAddress": "10.38.0.117/30", 
                    "addressFamily": "ipv4", 
                    "authKey": "0xaVFB_KNqXIOCxVit5JAoDN", 
                    "bgpPeerState": "available", 
                    "amazonAddress": "10.38.0.118/30", 
                    "asn": 65000
                }
            ], 
            "customerRouterConfig": "<?xml version=\"1.0\" encoding=\"UTF-8\"?>\n<logical_connection id=\"dxvif-ffin4i8n\">\n  <vlan>118</vlan>\n  <customer_address>10.38.0.117/30</customer_address>\n  <amazon_address>10.38.0.118/30</amazon_address>\n  <bgp_asn>65000</bgp_asn>\n  <bgp_auth_key>0xaVFB_KNqXIOCxVit5JAoDN</bgp_auth_key>\n  <amazon_bgp_asn>7224</amazon_bgp_asn>\n  <connection_type>private</connection_type>\n</logical_connection>\n", 
            "amazonAddress": "10.38.0.118/30", 
            "virtualInterfaceType": "private", 
            "virtualInterfaceName": "wu-wubs-prod-vi-2"
        }, 
        {
            "virtualInterfaceState": "confirming", 
            "asn": 65000, 
            "vlan": 130, 
            "customerAddress": "10.38.0.229/30", 
            "ownerAccount": "211609201945", 
            "connectionId": "dxcon-0E098E67", 
            "addressFamily": "ipv4", 
            "virtualGatewayId": "", 
            "virtualInterfaceId": "dxvif-ffwglpir", 
            "authKey": "0xDs_xTQPNgn41mC.Nuvccqi", 
            "routeFilterPrefixes": [], 
            "location": "CSVA1", 
            "bgpPeers": [
                {
                    "bgpStatus": "down", 
                    "customerAddress": "10.38.0.229/30", 
                    "addressFamily": "ipv4", 
                    "authKey": "0xDs_xTQPNgn41mC.Nuvccqi", 
                    "bgpPeerState": "pending", 
                    "amazonAddress": "10.38.0.230/30", 
                    "asn": 65000
                }
            ], 
            "customerRouterConfig": "<?xml version=\"1.0\" encoding=\"UTF-8\"?>\n<logical_connection id=\"dxvif-ffwglpir\">\n  <vlan>130</vlan>\n  <customer_address>10.38.0.229/30</customer_address>\n  <amazon_address>10.38.0.230/30</amazon_address>\n  <bgp_asn>65000</bgp_asn>\n  <bgp_auth_key>0xDs_xTQPNgn41mC.Nuvccqi</bgp_auth_key>\n  <amazon_bgp_asn>7224</amazon_bgp_asn>\n  <connection_type>private</connection_type>\n</logical_connection>\n", 
            "amazonAddress": "10.38.0.230/30", 
            "virtualInterfaceType": "private", 
            "virtualInterfaceName": "wu-speedpay-nonprod-vi-1"
        }, 
        {
            "virtualInterfaceState": "confirming", 
            "asn": 65000, 
            "vlan": 134, 
            "customerAddress": "10.38.0.233/30", 
            "ownerAccount": "211609201945", 
            "connectionId": "dxcon-01098E68", 
            "addressFamily": "ipv4", 
            "virtualGatewayId": "", 
            "virtualInterfaceId": "dxvif-ffnhijqm", 
            "authKey": "0xP5ER5xmquairTR_Cg89d0F", 
            "routeFilterPrefixes": [], 
            "location": "CSVA1", 
            "bgpPeers": [
                {
                    "bgpStatus": "down", 
                    "customerAddress": "10.38.0.233/30", 
                    "addressFamily": "ipv4", 
                    "authKey": "0xP5ER5xmquairTR_Cg89d0F", 
                    "bgpPeerState": "pending", 
                    "amazonAddress": "10.38.0.234/30", 
                    "asn": 65000
                }
            ], 
            "customerRouterConfig": "<?xml version=\"1.0\" encoding=\"UTF-8\"?>\n<logical_connection id=\"dxvif-ffnhijqm\">\n  <vlan>134</vlan>\n  <customer_address>10.38.0.233/30</customer_address>\n  <amazon_address>10.38.0.234/30</amazon_address>\n  <bgp_asn>65000</bgp_asn>\n  <bgp_auth_key>0xP5ER5xmquairTR_Cg89d0F</bgp_auth_key>\n  <amazon_bgp_asn>7224</amazon_bgp_asn>\n  <connection_type>private</connection_type>\n</logical_connection>\n", 
            "amazonAddress": "10.38.0.234/30", 
            "virtualInterfaceType": "private", 
            "virtualInterfaceName": "wu-speedpay-nonprod-vi-2"
        }
    ]
}
