{
    "RouteTables": [
        {
            "Associations": [
                {
                    "SubnetId": "subnet-fab970d7", 
                    "RouteTableAssociationId": "rtbassoc-7e0f8b06", 
                    "Main": false, 
                    "RouteTableId": "rtb-67d5271e"
                }
            ], 
            "RouteTableId": "rtb-67d5271e", 
            "VpcId": "vpc-9ed880f8", 
            "PropagatingVgws": [], 
            "Tags": [
                {
                    "Value": "RT-MgmtTier-public", 
                    "Key": "Name"
                }
            ], 
            "Routes": [
                {
                    "Origin": "CreateRoute", 
                    "DestinationCidrBlock": "10.130.60.0/26", 
                    "InstanceId": "i-0607778f232eb95ac", 
                    "NetworkInterfaceId": "eni-41aec4b2", 
                    "State": "active", 
                    "InstanceOwnerId": "275087840327"
                }, 
                {
                    "Origin": "CreateRoute", 
                    "DestinationCidrBlock": "10.130.61.0/26", 
                    "InstanceId": "i-064bafb2698c378cb", 
                    "NetworkInterfaceId": "eni-f906c40f", 
                    "State": "active", 
                    "InstanceOwnerId": "275087840327"
                }, 
                {
                    "GatewayId": "local", 
                    "DestinationCidrBlock": "10.38.16.0/23", 
                    "State": "active", 
                    "Origin": "CreateRouteTable"
                }, 
                {
                    "Origin": "CreateRoute", 
                    "DestinationCidrBlock": "172.16.4.0/22", 
                    "State": "active", 
                    "VpcPeeringConnectionId": "pcx-45138b2c"
                }, 
                {
                    "Origin": "CreateRoute", 
                    "DestinationCidrBlock": "10.38.0.0/22", 
                    "State": "active", 
                    "VpcPeeringConnectionId": "pcx-8f8d1be6"
                }, 
                {
                    "Origin": "CreateRoute", 
                    "DestinationCidrBlock": "10.38.4.0/22", 
                    "State": "active", 
                    "VpcPeeringConnectionId": "pcx-4a75ed23"
                }, 
                {
                    "GatewayId": "vgw-18b25b71", 
                    "DestinationCidrBlock": "10.0.0.0/8", 
                    "State": "active", 
                    "Origin": "CreateRoute"
                }, 
                {
                    "GatewayId": "igw-57a66a30", 
                    "DestinationCidrBlock": "0.0.0.0/0", 
                    "State": "active", 
                    "Origin": "CreateRoute"
                }
            ]
        }, 
        {
            "Associations": [
                {
                    "SubnetId": "subnet-542a9b1d", 
                    "RouteTableAssociationId": "rtbassoc-15e46e6c", 
                    "Main": false, 
                    "RouteTableId": "rtb-d6a538b0"
                }
            ], 
            "RouteTableId": "rtb-d6a538b0", 
            "VpcId": "vpc-9ed880f8", 
            "PropagatingVgws": [], 
            "Tags": [
                {
                    "Value": "Management", 
                    "Key": "Environment"
                }, 
                {
                    "Value": "wu-ece-management", 
                    "Key": "aws:cloudformation:stack-name"
                }, 
                {
                    "Value": "MgmtRouteTable", 
                    "Key": "aws:cloudformation:logical-id"
                }, 
                {
                    "Value": "arn:aws:cloudformation:us-east-1:275087840327:stack/wu-ece-management/3dcaff90-8bee-11e6-b638-50d5cafe7636", 
                    "Key": "aws:cloudformation:stack-id"
                }, 
                {
                    "Value": "Private", 
                    "Key": "Network"
                }, 
                {
                    "Value": "RT-MgmtTier-private", 
                    "Key": "Name"
                }
            ], 
            "Routes": [
                {
                    "Origin": "CreateRoute", 
                    "DestinationCidrBlock": "10.130.60.0/26", 
                    "InstanceId": "i-0607778f232eb95ac", 
                    "NetworkInterfaceId": "eni-41aec4b2", 
                    "State": "active", 
                    "InstanceOwnerId": "275087840327"
                }, 
                {
                    "Origin": "CreateRoute", 
                    "DestinationCidrBlock": "10.130.61.0/26", 
                    "InstanceId": "i-064bafb2698c378cb", 
                    "NetworkInterfaceId": "eni-f906c40f", 
                    "State": "active", 
                    "InstanceOwnerId": "275087840327"
                }, 
                {
                    "Origin": "CreateRoute", 
                    "DestinationCidrBlock": "10.38.14.0/25", 
                    "State": "active", 
                    "VpcPeeringConnectionId": "pcx-d0f09db9"
                }, 
                {
                    "Origin": "CreateRoute", 
                    "DestinationCidrBlock": "10.38.14.128/25", 
                    "State": "active", 
                    "VpcPeeringConnectionId": "pcx-d0f09db9"
                }, 
                {
                    "GatewayId": "local", 
                    "DestinationCidrBlock": "10.38.16.0/23", 
                    "State": "active", 
                    "Origin": "CreateRouteTable"
                }, 
                {
                    "Origin": "CreateRoute", 
                    "DestinationCidrBlock": "172.16.4.0/22", 
                    "State": "active", 
                    "VpcPeeringConnectionId": "pcx-45138b2c"
                }, 
                {
                    "Origin": "CreateRoute", 
                    "DestinationCidrBlock": "10.38.0.0/22", 
                    "State": "active", 
                    "VpcPeeringConnectionId": "pcx-8f8d1be6"
                }, 
                {
                    "Origin": "CreateRoute", 
                    "DestinationCidrBlock": "10.38.4.0/22", 
                    "State": "active", 
                    "VpcPeeringConnectionId": "pcx-4a75ed23"
                }, 
                {
                    "Origin": "CreateRoute", 
                    "DestinationCidrBlock": "10.38.8.0/22", 
                    "State": "active", 
                    "VpcPeeringConnectionId": "pcx-898d1be0"
                }, 
                {
                    "Origin": "CreateRoute", 
                    "DestinationCidrBlock": "10.38.12.0/22", 
                    "State": "active", 
                    "VpcPeeringConnectionId": "pcx-d0f09db9"
                }, 
                {
                    "Origin": "CreateRoute", 
                    "DestinationCidrBlock": "10.19.112.0/21", 
                    "State": "active", 
                    "VpcPeeringConnectionId": "pcx-619ceb08"
                }, 
                {
                    "Origin": "CreateRoute", 
                    "DestinationCidrBlock": "10.19.96.0/20", 
                    "State": "active", 
                    "VpcPeeringConnectionId": "pcx-f99de990"
                }, 
                {
                    "Origin": "CreateRoute", 
                    "DestinationCidrBlock": "10.38.32.0/20", 
                    "State": "active", 
                    "VpcPeeringConnectionId": "pcx-59f66c30"
                }, 
                {
                    "Origin": "CreateRoute", 
                    "DestinationCidrBlock": "10.19.0.0/19", 
                    "State": "active", 
                    "VpcPeeringConnectionId": "pcx-b52ebfdc"
                }, 
                {
                    "Origin": "CreateRoute", 
                    "DestinationCidrBlock": "10.19.32.0/19", 
                    "State": "active", 
                    "VpcPeeringConnectionId": "pcx-b39102da"
                }, 
                {
                    "Origin": "CreateRoute", 
                    "DestinationCidrBlock": "10.19.128.0/17", 
                    "State": "active", 
                    "VpcPeeringConnectionId": "pcx-a62fbecf"
                }, 
                {
                    "GatewayId": "vgw-18b25b71", 
                    "DestinationCidrBlock": "172.31.0.0/16", 
                    "State": "active", 
                    "Origin": "CreateRoute"
                }, 
                {
                    "GatewayId": "vgw-18b25b71", 
                    "DestinationCidrBlock": "10.0.0.0/8", 
                    "State": "active", 
                    "Origin": "CreateRoute"
                }, 
                {
                    "Origin": "CreateRoute", 
                    "DestinationCidrBlock": "0.0.0.0/0", 
                    "NatGatewayId": "nat-0dd30c5fb87c60ebf", 
                    "State": "active"
                }
            ]
        }, 
        {
            "Associations": [
                {
                    "RouteTableAssociationId": "rtbassoc-68e46e11", 
                    "Main": true, 
                    "RouteTableId": "rtb-e3a53885"
                }
            ], 
            "RouteTableId": "rtb-e3a53885", 
            "VpcId": "vpc-9ed880f8", 
            "PropagatingVgws": [], 
            "Tags": [], 
            "Routes": [
                {
                    "GatewayId": "local", 
                    "DestinationCidrBlock": "10.38.16.0/23", 
                    "State": "active", 
                    "Origin": "CreateRouteTable"
                }
            ]
        }
    ]
}
