{
  "Version": "2012-10-17",
  "Statement": [
    {
      "Effect": "Allow",
      "Action": ["s3:ListBucket"],
      "Resource": ["arn:aws:s3:::myBucket"],
      "Condition": {"StringLike": {"s3:prefix": ["Amazon/mynumbersgame/${www.amazon.com:user_id}/*"]}}
    },
    {
      "Effect": "Allow",
      "Action": [
        "s3:GetObject",
        "s3:PutObject",
        "s3:DeleteObject"
      ],
      "Resource": [
        "arn:aws:s3:::myBucket/amazon/mynumbersgame/${www.amazon.com:user_id}",
        "arn:aws:s3:::myBucket/amazon/mynumbersgame/${www.amazon.com:user_id}/*"
      ]
    }
  ]
}
