[
    {
        "Status": "ACTIVE", 
        "Account": "920646281090", 
        "Email": "WUAWSAMERIGOBAHRAINWEB@westernunion.com", 
        "Name": "WU Amerigo Bahrain Web"
    }, 
    {
        "Status": "ACTIVE", 
        "Account": "846026488787", 
        "Email": "wuawsamerigobackend@westernunion.com", 
        "Name": "WesternUnion Amerigo Backend"
    }, 
    {
        "Status": "ACTIVE", 
        "Account": "840081411897", 
        "Email": "wuawsamerigopi@westernunion.com", 
        "Name": "WesternUnion Amerigo PI"
    }, 
    {
        "Status": "ACTIVE", 
        "Account": "827487043904", 
        "Email": "wuawsmb@westernunion.com", 
        "Name": "WUAWS Master Billing"
    }, 
    {
        "Status": "ACTIVE", 
        "Account": "726053034514", 
        "Email": "wuawsamerigojamaicaweb@westernunion.com", 
        "Name": "Amerigo Jamaica Web"
    }, 
    {
        "Status": "ACTIVE", 
        "Account": "643722977386", 
        "Email": "wuawsspeedpayprod@westernunion.com", 
        "Name": "WU AWS Speedpay Prod"
    }, 
    {
        "Status": "ACTIVE", 
        "Account": "590770657271", 
        "Email": "wuawscorp@westernunion.com", 
        "Name": "WUAWS Corporate Systems"
    }, 
    {
        "Status": "ACTIVE", 
        "Account": "557961191848", 
        "Email": "WUAWSWUBSPROD@westernunion.com", 
        "Name": "WUAWS WUBS Prod Systems"
    }, 
    {
        "Status": "ACTIVE", 
        "Account": "510680944440", 
        "Email": "wuawscore@westernunion.com", 
        "Name": "WUAWS CORE Systems"
    }, 
    {
        "Status": "ACTIVE", 
        "Account": "108030771887", 
        "Email": "wuawsdigitalprod@westernunion.com", 
        "Name": "WUAWS Digital Systems Prod"
    }, 
    {
        "Status": "ACTIVE", 
        "Account": "135148293054", 
        "Email": "wuawsdigital@westernunion.com", 
        "Name": "WUAWS Digital Systems"
    }, 
    {
        "Status": "ACTIVE", 
        "Account": "152170173512", 
        "Email": "WUAWSSPEEDPAY@westernunion.com", 
        "Name": "WU AWS SpeedPay"
    }, 
    {
        "Status": "ACTIVE", 
        "Account": "211609201945", 
        "Email": "wuawsspeedpaynonprod@westernunion.com", 
        "Name": "WU AWS Speedpay NonProd"
    }, 
    {
        "Status": "ACTIVE", 
        "Account": "267256679673", 
        "Email": "WUAWSCOREPROD@westernunion.com", 
        "Name": "WU AWS Core Production"
    }, 
    {
        "Status": "ACTIVE", 
        "Account": "275087840327", 
        "Email": "wuawsece@westernunion.com", 
        "Name": "WUAWS Enterprise Compute Environment"
    }, 
    {
        "Status": "ACTIVE", 
        "Account": "329754690628", 
        "Email": "wuawsamerigoauth@westernunion.com", 
        "Name": "Amerigo WU Auth"
    }, 
    {
        "Status": "ACTIVE", 
        "Account": "331486386788", 
        "Email": "wuawsamerigouat@westernunion.com", 
        "Name": "WesternUnion Amerigo UAT"
    }, 
    {
        "Status": "ACTIVE", 
        "Account": "342786247368", 
        "Email": "wuawsitio@westernunion.com", 
        "Name": "WUAWS ITIO"
    }, 
    {
        "Status": "ACTIVE", 
        "Account": "499824053251", 
        "Email": "wuawsamerigoregionfrankfurt@westernunion.com", 
        "Name": "WesternUnion Amerigo Region Frankfurt"
    }
]
