{
    "ConfigurationRecorder": {
        "name": "default", 
        "roleARN": "arn:aws:iam::275087840327:role/service-role/config-role-us-east-1",
        "recordingGroup": {
            "allSupported": false, 
            "includeGlobalResourceTypes": false, 
            "resourceTypes": [
		"AWS::CloudTrail::Trail", 
                "AWS::EC2::Host", 
                "AWS::EC2::RouteTable", 
                "AWS::EC2::VPC", 
                "AWS::EC2::Subnet", 
                "AWS::IAM::User", 
                "AWS::IAM::Role", 
                "AWS::IAM::Policy", 
                "AWS::IAM::Group", 
                "AWS::S3::Bucket", 
                "AWS::SSM::ManagedInstanceInventory"		
            ]
        }
    }
}
