{
    "Version": "2012-10-17",
    "Statement": [
        {
            "Action": [
                "logs:CreateLogGroup",
                "logs:CreateLogStream",
                "logs:PutLogEvents",
                "cloudwatch:Get*",
                "cloudwatch:Describe*",
                "logs:Describe*"
            ],
            "Resource": "*",
            "Effect": "Allow"
        },
        {
            "Action": [
                "ec2:Describe*",
                "ec2:AuthorizeSecurityGroupEgress",
                "ec2:AuthorizeSecurityGroupIngress",
                "ec2:CreateFlowLogs",
                "ec2:CreateSecurityGroup",
                "ec2:DeleteFlowLogs",
                "ec2:DeleteSecurityGroup",
                "ec2:ModifyInstanceAttribute",
                "ec2:ModifyNetworkInterfaceAttribute",
                "ec2:RevokeSecurityGroupEgress",
                "ec2:RevokeSecurityGroupIngress",
                "ec2:AttachVolume",
                "ec2:CreateTags",
                "ec2:CreateVolume",
                "ec2:DeleteVolume",
                "ec2:DetachVolume"
            ],
            "Resource": "*",
            "Effect": "Allow"
        },
        {
            "Action": [
                "iam:GetUser"
            ],
            "Resource": "*",
            "Effect": "Allow"
        },
        {
            "Action": [
                "kms:DescribeKey",
                "kms:Encrypt",
                "kms:List*"
            ],
            "Resource": "*",
            "Effect": "Allow"
        }
    ]
}
