{
  "schemaVersion": "1.0",
  "description": "Example instance configuration tasks",
  "runtimeConfig": {
    "aws:psModule": {
      "properties": [
        {
          "description": "Example to install windows update PS module and install all .NET 4 updates.",
          "source": "https://gallery.technet.microsoft.com/scriptcenter/2d191bcd-3308-4edd-9de2-88dff796b0bc/file/41459/43/PSWindowsUpdate.zip",
          "runCommand": "Get-WUInstall -ServiceID 9482f4b4-e343-43b6-b170-9a65bc822c77 -Title \".NET Framework 4\" -AcceptAll"
        },
        {
          "description": "Example to install chocolatey package provider and use it to install 7zip and GoogleChrome.",
          "runCommand": [
            "$url = 'https://chocolatey.org/install.ps1'" ,
            "iex ((new-object net.webclient).DownloadString($url))",
            "choco install -y 7zip",
            "choco install -y GoogleChrome" 
          ]
       }
    ]
   }  
  }
}
