{
    "schemaVersion":"1.2",
    "description":"Deploy and install PowerShell modules.",
    "parameters":{
        "workingDirectory":{
            "type":"String",
            "default":"",
            "description":"(Optional) The path to the working directory on your instance.",
            "maxChars":4096
        },
        "source":{
            "type":"String",
            "description":"(Optional) The URL or local path on the instance to the application .zip file."
        },
        "sourceHash":{
            "type":"String",
            "default":"",
            "description":"(Optional) The SHA256 hash of the zip file."
        },
        "commands":{
            "type":"StringList",
            "default":[
            ],
            "description":"(Optional) Specify PowerShell commands to run on your instance.",
            "displayType":"textarea"
        },
        "executionTimeout":{
            "type":"String",
            "default":"3600",
            "description":"(Optional) The time in seconds for a command to be completed before it is considered to have failed. Default is 3600 (1 hour). Maximum is 28800 (8 hours).",
            "allowedPattern":"([1-9][0-9]{0,3})|(1[0-9]{1,4})|(2[0-7][0-9]{1,3})|(28[0-7][0-9]{1,2})|(28800)"
        }
    },
    "runtimeConfig":{
        "aws:psModule":{
            "properties":[
                {
                    "id":"0.aws:psModule",
                    "runCommand":"{{ commands }}",
                    "source":"{{ source }}",
                    "sourceHash":"{{ sourceHash }}",
                    "workingDirectory":"{{ workingDirectory }}",
                    "timeoutSeconds":"{{ executionTimeout }}"
                }
            ]
        }
    }
}
