{
    "schemaVersion":"1.2",
    "description":"Export metrics and log files from your instances to Amazon CloudWatch.",
    "parameters":{
        "status":{
            "type":"String",
            "default":"Enabled",
            "description":"(Optional) Enable or disable CloudWatch. Valid values: Enabled | Disabled",
            "allowedValues":[
                "Enabled",
                "Disabled"
            ]
        },
        "properties":{
            "type":"String",
            "default":"",
            "description":"(Optional) The configuration for CloudWatch in JSON format. Learn more at http://docs.aws.amazon.com/ssm/latest/APIReference/aws-cloudWatch.html",
            "displayType":"textarea"
        }
    },
    "runtimeConfig":{
        "aws:cloudWatch":{
            "settings":{
                "startType":"{{ status }}"
            },
            "properties":"{{ properties }}"
        }
    }
}
