{
    "schemaVersion":"1.2",
    "description":"Join your instances to an AWS Directory Service domain.",
    "parameters":{
        "directoryId":{
            "type":"String",
	    "default":"d-92673f3c29",
            "description":"(Required) The ID of the AWS Directory Service directory."
        },
        "directoryName":{
            "type":"String",
	    "default":"corp.example.com",
            "description":"(Required) The name of the directory; for example, test.example.com"
        },
        "directoryOU":{
            "type":"String",
            "default":"OU=MC37,DC=corp.example.com",
            "description":"(Optional) The Organizational Unit (OU) and Directory Components (DC) for the directory; for example, OU=test,DC=example,DC=com"
        },
        "dnsIpAddresses":{
            "type":"StringList",
            "default":[
		"172.31.3.196"
            ],
            "description":"(Optional) The IP addresses of the DNS servers in the directory. Required when DHCP is not configured. Learn more at http://docs.aws.amazon.com/directoryservice/latest/simple-ad/join_get_dns_addresses.html",
            "allowedPattern":"((25[0-5]|2[0-4][0-9]|[01]?[0-9][0-9]?)\\.){3}(25[0-5]|2[0-4][0-9]|[01]?[0-9][0-9]?)"
        }
    },
    "runtimeConfig":{
        "aws:domainJoin":{
            "properties":{
                "directoryId":"{{ directoryId }}",
                "directoryName":"{{ directoryName }}",
                "directoryOU":"{{ directoryOU }}",
                "dnsIpAddresses":"{{ dnsIpAddresses }}"
            }
        }
    }
}
