{
  "schemaVersion": "1.0",
  "description": "Example instance configuration tasks",
  "runtimeConfig": {
    "aws:applications": {
      "properties": [
        {
          "action": "Install",
          "source": "http://dev.mysql.com/get/Downloads/MySQLInstaller/mysql-installer-community-5.6.22.0.msi"
        },
        {
          "action": "Install",
          "source": "https://www.python.org/ftp/python/2.7.9/python-2.7.9.msi"
        },
        {
          "action": "Install",
          "source": "http://download.winzip.com/winzip190-64.msi",
          "parameters": "INSTALLDIR=\"C:\\Program Files\\WinZipXX\"" 
        }
      ]
    }
  }
}
