{
  "Version": "2012-10-17",
  "Statement": [
    {
      "Sid": "AWSCloudTrailCreateLogStream20141101",
      "Effect": "Allow",
      "Action": [
        "logs:CreateLogStream"
      ],
      "Resource": [
        "arn:aws:logs:us-east-1:211609201945:log-group:CloudTrail/DefaultLogGroup:log-stream:211609201945_CloudTrail_us-east-1*"
      ]
    },
    {
      "Sid": "AWSCloudTrailPutLogEvents20141101",
      "Effect": "Allow",
      "Action": [
        "logs:PutLogEvents"
      ],
      "Resource": [
        "arn:aws:logs:us-east-1:211609201945:log-group:CloudTrail/DefaultLogGroup:log-stream:211609201945_CloudTrail_us-east-1*"
      ]
    }
  ]
}
